id,name,category,level,skillFocus,goal,description,variations,players,equipment,rpe,durationMin,durationMax,imageUrls,videoUrls,skill_domains,game_phases,tactical_focus,technical_focus,position_focus,zone_focus,complexity_level,decision_level,age_min,age_max,intensity_type,training_goal,type_of_drill
1,Игра на квадрат,Загрявка,Всички нива,Кондиция,"Контрол, Движение","Цел: Игра на квадрат Обяснение: Двама играчи застават един срещу друг. Единият играч удря топката точно напред, докато другият играе диагонално, създавайки виртуален четириъгълник...",Няма данни,Няма данни,"Топки, Обръч (по желание)",Неуточнено,Няма данни,Неуточнено,Няма данни,https://drive.google.com/file/d/15IXhgS8ItULJpKy6Tza2aRuhhEwfdOQm/view?usp=drive_link,conditioning,transition,system_play,platform,setter,zone_3,3,3,16,20,medium,"Контрол, Движение",групово
2,Зигзаг,Основна фаза 1,Всички нива,"Посрещане,Разпределение","Координация, Пасиране",Цел: Подобряване на контрола върху позицията на приемане и приемане... Обяснение: Подредете групата зигзагообразно по цялата дължина на игрището...,Няма данни,Няма данни,Топки,Неуточнено,Няма данни,Неуточнено,Няма данни,https://drive.google.com/file/d/1xnk2VXo2TNRZevBJQh_qPfqDUoQKTcH2/view?usp=drive_link,reception;setting,transition,system_play,platform,setter,zone_3,3,3,16,20,medium,"Координация, Пасиране",групово
3,Никога нищо,Основна фаза 1,Всички нива,Защита,"Защита, Контрол","Цел: Подобряване на четенето на играта и постигане на контрол. Обяснение: Трима играчи образуват триъгълник. Играчът, който не получи топката, се премества на противоположната страна...",Няма данни,Няма данни,Топки,Неуточнено,Няма данни,Неуточнено,Няма данни,https://drive.google.com/file/d/1vI3DnG0nhSrTxB8Rr0EcabRixwKbe1MV/view?usp=drive_link,defense,transition,system_play,platform,setter,zone_3,3,3,16,20,medium,"Защита, Контрол",групово
4,Преследване,Основна фаза 2,Всички нива,Защита,"Защита, Движение","Цел: При игра с топката, чрез движение назад, да се прилага натиск напред. Обяснение: 3 срещу 3, започвайки от триметровата линия. Играйте може да се върне назад към защитните си позиции само след като нападателят е докоснал топката...",Няма данни,Няма данни,"Топки, Мрежа",Неуточнено,Няма данни,Неуточнено,Няма данни,https://drive.google.com/file/d/1CtWUtWaXwodlLUfSXSQJZ0dBtS3X2Mq5/view?usp=drive_link,defense,transition,system_play,platform,setter,zone_3,3,3,16,20,medium,"Защита, Движение",групово
5,Лагерен огън,Основна фаза 2,Всички нива,"Защита,Преход,Комуникация","Защита, Ситуационна игра",Цел: Подобряване на ситуациите „извън системата“ и комуникацията. Обяснение: Трима играчи образуват група в центъра на игрището. Треньорът сервира топката и след това участва в играта...,Няма данни,Няма данни,"Топки, Мрежа",Неуточнено,Няма данни,Неуточнено,Няма данни,https://drive.google.com/file/d/1ve6kD2T3RMvdWWz3Su45ah5jwPrVZczi/view?usp=drive_link,defense;transition;communication,transition,system_play,platform,setter,zone_3,3,3,16,20,medium,"Защита, Ситуационна игра",групово
6,Две на степен четири,Затваряне,Средно напреднали,Комуникация,"Контрол, Комуникация","Цел: Трениране на комуникация, концентрация, контрол и подготовка за следващото действие. Обяснение: Това волейболно упражнение набляга на комуникацията, контрола, концентрацията и изпълнението на следващите действия...",Няма данни,Няма данни,"Топки, Мрежа",Неуточнено,Няма данни,Неуточнено,Няма данни,https://drive.google.com/file/d/13ARz3V43zI1_L8Qd6ZzwWPezAdH-z7fD/view?usp=drive_link,communication,transition,system_play,platform,setter,zone_3,3,3,13,16,medium,"Контрол, Комуникация",групово
7,Надолу и нагоре,"Защита, Издържливост",Всички нива,Кондиция,"Ловкост, Движение","Цел: Насърчаване на издръжливостта, ловкостта и ловкостта на топката. Обяснение: Трио или квартет играчи започват от мрежата. След това треньорът хвърля топката в задното поле...",Няма данни,Няма данни,"Топки, Мрежа",Неуточнено,Няма данни,Неуточнено,Няма данни,https://drive.google.com/file/d/1G5a_LQeQVDIQsO4jat5VXKXoQZZmPl45/view?usp=drive_link,conditioning,transition,system_play,platform,setter,zone_3,3,3,16,20,medium,"Ловкост, Движение",групово
8,Волейбол от стена в линия,Техническа подготовка,Всички нива,"Кондиция,Разпределение","Координация, Четене на играта","Цел: Подобряване на оценката на траекторията на топката Обяснение: Трима играчи използват една топка. Предният играч, без топката, стои на приблизително 2 до 3 метра от стената... Етикети: Пасиране, Надземно преминаване, Координация, Моторни умения, Фокус, Овладяване на задачите, Умения за боравене с топка, Разпознаване на траекторията на топката, Стена",Няма данни,Няма данни,"Топки, Стена",Неуточнено,Няма данни,Неуточнено,Няма данни,https://drive.google.com/file/d/1RYO8MSOWdxE0h_U2TLuK5X7Gb6QPpHjo/view?usp=drive_link,conditioning;setting,transition,system_play,platform,setter,zone_3,3,3,16,20,medium,"Координация, Четене на играта",групово
9,Предизвикателство за подаване VBall 1 подаване отскок 1 пляскане смяна на крака,Техническа подготовка,Всички нива,Разпределение,"Контрол на топката, Координация","Цел: Подобряване на техниката на подаване и двигателните умения... Обяснение: Като играч и треньор, вече можете лесно да измервате напредъка... Етикети: Пасиране, Координация, Моторни умения, Фокус, Овладяване на задачите, Упоритост, Умения за боравене с топка",Няма данни,Няма данни,Топки,Неуточнено,Няма данни,Неуточнено,Няма данни,https://drive.google.com/file/d/1bP8-og70mu53XfRE4Y-Yc6c2dU3ssmT-/view?usp=drive_link,setting,transition,system_play,platform,setter,zone_3,3,3,16,20,medium,"Контрол на топката, Координация",групово
10,Внимавайте!,Ловкост и реакция,Всички нива,Кондиция,"Координация, Фокус","Цел: Повишаване на способността за реакция и наблюдение на околната среда... Обяснение: Подредете един брой играчи един срещу друг. Чрез интегриране на задачи и действия, играчите трябва да разработят стратегия... Етикети: Координация, Фокус, Овладяване на задачите, Умения за боравене с топка",Няма данни,Няма данни,Няма данни,Неуточнено,Няма данни,Неуточнено,Няма данни,https://drive.google.com/file/d/1lHpV4hUtAsqqxOGvKAljRiv6YDJ4Ilb2/view?usp=drive_link,conditioning,transition,system_play,platform,setter,zone_3,3,3,16,20,medium,"Координация, Фокус",групово
11,10 мин. подготовка за движение А,Загрявка,Всички нива,Кондиция,"Разтягане, Подготовка за движение","Цел: Разтягане Обяснение: В началото на тренировката на тренировката със загрявка, се състои от приблизително пет упражнения, които съчетават разтягане и движение. Етикети: Координация, Разтягане, Фокус",Няма данни,Няма данни,Няма данни,Неуточнено,Няма данни,Неуточнено,Няма данни,https://drive.google.com/file/d/1Ssg3EhpKad04VdMBuLMShjXeNBm8JyHN/view?usp=drive_link,conditioning,transition,system_play,platform,setter,zone_3,3,3,16,20,medium,"Разтягане, Подготовка за движение",групово
12,Отпред или отзад,Техническа подготовка,Всички нива,Разпределение,"Четене на играта, Пасиране",Цел: Подобряване на траекторията на топката. Обяснение: Двойките са една срещу друга с мрежа между тях...,Няма данни,Няма данни,"Топки, Мрежа, Обръч",Неуточнено,Няма данни,Неуточнено,Няма данни,https://drive.google.com/file/d/16hm_0l09vYSMvhE_zp5YarjztMn1TA9g/view?usp=drive_link,setting,transition,system_play,platform,setter,zone_3,3,3,16,20,medium,"Четене на играта, Пасиране",групово
13,Предизвикателство при подаване... (хвърляне от стената),Техническа подготовка,Всички нива,Разпределение,"Контрол на топката, Пасиране","Цел: Подобряване на техниката на подаване и двигателните умения... Обяснение: Като играч и треньор, вече можете лесно да измервате напредъка...",Няма данни,Няма данни,"Топки, Стена",Неуточнено,Няма данни,Неуточнено,Няма данни,https://drive.google.com/file/d/1F5eF9qbQVIR72YneB1vu6yNpQSgFjpqN/view?usp=drive_link,setting,transition,system_play,platform,setter,zone_3,3,3,16,20,medium,"Контрол на топката, Пасиране",групово
14,Предизвикателство за подаване VBall... (2 подавания),Техническа подготовка,Всички нива,Разпределение,"Контрол на топката, Пасиране","Цел: Подобряване на техниката на подаване и двигателните умения... Обяснение: Като играч и треньор, вече можете лесно да измервате напредъка...",Няма данни,Няма данни,Топки,Неуточнено,Няма данни,Неуточнено,Няма данни,https://drive.google.com/file/d/19jMNth3sgaGF5XkZ-jy6miVIKJTOTd1y/view?usp=drive_link,setting,transition,system_play,platform,setter,zone_3,3,3,16,20,medium,"Контрол на топката, Пасиране",групово
15,Волей на стена,Техническа подготовка,Начинаещ,Кондиция,"Четене на играта, Координация","Цел: Подобряване на оценката на траекторията на топката. Обяснение: Двама играчи, една топка. Предният играч стои на 3 метра от стената...",Няма данни,Няма данни,"Топки, Стена",Неуточнено,Няма данни,Неуточнено,Няма данни,https://drive.google.com/file/d/1FeEn8oO98VOLrMnO0ZrAX93Gg-Mdinxq/view?usp=drive_link,conditioning,transition,system_play,platform,setter,zone_3,3,3,8,12,medium,"Четене на играта, Координация",групово
16,Юмрук,Игрова ситуация,Всички нива,"Атака,Защита","Атака, Защита","Цел: Реактивност, работа с краката и укрепване на раменната област. Обяснение: Волейболен мач се играе с двама играчи във всеки отбор...",Няма данни,Няма данни,"Топки, Конуси",Неуточнено,Няма данни,Неуточнено,Няма данни,https://drive.google.com/file/d/10_1UxsNGa6AgMSmG2Hqivw0MrDGJFwkW/view?usp=drive_link,attack;defense,transition,system_play,platform,setter,zone_3,3,3,16,20,medium,"Атака, Защита",групово
17,Волейбол,Техническа подготовка,Начинаещ,Посрещане,"Контрол на топката, Четене на играта","Цел: Оценка на траекторията на топката и нейното приемане. Обяснение: Разделете се на двойки, всеки с по две топки...",Няма данни,Няма данни,Топки,Неуточнено,Няма данни,Неуточнено,Няма данни,https://drive.google.com/file/d/1oyIX4eJAHNMw2oloHm77uehgF7aUp921/view?usp=drive_link,reception,transition,system_play,platform,setter,zone_3,3,3,8,12,medium,"Контрол на топката, Четене на играта",групово
18,Бутане на топка,Техническа подготовка,Начинаещ,Разпределение,"Пасиране, Сила",Цел: Усвояване на по-добра стойка на предмишницата и игра с изпънати ръце. Обяснение: Инструктирайте играчите за правилната стойка...,Няма данни,Няма данни,Топки,Неуточнено,Няма данни,Неуточнено,Няма данни,https://drive.google.com/file/d/1uaFnFmCo8K1wy8dWlW-fR0WugD-dVqoO/view?usp=drive_link,setting,transition,system_play,platform,setter,zone_3,3,3,8,12,medium,"Пасиране, Сила",групово
19,Предизвикателство за подаване V-топ... (отскок от стената),Техническа подготовка,Всички нива,Разпределение,"Контрол на топката, Пасиране","Цел: Подобряване на техниката на подаване и двигателните умения... Обяснение: Като играч и треньор, вече можете лесно да измервате напредъка...",Няма данни,Няма данни,"Топки, Стена",Неуточнено,Няма данни,Неуточнено,Няма данни,https://drive.google.com/file/d/1OG3en4XXaDg65C3N5_Gszsj0xiptMbjJ/view?usp=drive_link,setting,transition,system_play,platform,setter,zone_3,3,3,16,20,medium,"Контрол на топката, Пасиране",групово
20,Лъжици,Защита,Всички нива,Защита,"Движение, Защита",Цел: Подобряване на защитната стойка и движение. Обяснение: Двама играчи заемат позиции на приблизително 3 метра един от друг...,Няма данни,Няма данни,Топки,Неуточнено,Няма данни,Неуточнено,Няма данни,https://drive.google.com/file/d/1PQeRtO4j5UacOYyOQ9-zxX1aunZCyuD3/view?usp=drive_link,defense,transition,system_play,platform,setter,zone_3,3,3,16,20,medium,"Движение, Защита",групово
21,"Пеперуда, право напред","Загрявка, Техническа подготовка",Всички нива,Разпределение,"Контрол, Пасиране",Цел: Загрявка на няколко позиции. Контрол. Обяснение: Две игрища са разположени еднакво. Диагонален играч подава топката от своята половина на свободния играч на мрежата...,Няма данни,Няма данни,"Топки, Мрежа",Неуточнено,Няма данни,Неуточнено,Няма данни,https://www.youtube.com/embed/IaSgLfAMNfs,setting,transition,system_play,platform,setter,zone_3,3,3,16,20,medium,"Контрол, Пасиране",групово
24,"Страничен удар + Фрийбол в средата, тръбата или позиция 4","Игрова ситуация, Тактика",Напреднали,"Преход,Атака","Атака, Ситуационна игра","Цел: Тренировка с изправяне навън. Обяснение: Отборът поддържа една и съща ротация. Изпълнявате страничен аут, последван от свободна топка...",Няма данни,Няма данни,"Топки, Мрежа",Неуточнено,Няма данни,Неуточнено,/static/drills/sideout_freeball_pipe.svg,,transition;attack,transition,system_play,platform,setter,zone_3,3,3,16,20,medium,"Атака, Ситуационна игра",групово
33,Съвпадение на ротациите странично навън,Игрова ситуация,Напреднали,"Преход,Разпределение","Тактика, Сервис, Пасиране",Цел: Тренировка „странично навън“. Обяснение: Кой отбор ще завърши всичките шест ротации пръв? Мачът е кратък до три точки...,Няма данни,Няма данни,"Топки, Мрежа",Неуточнено,Няма данни,Неуточнено,Няма данни,https://drive.google.com/file/d/14Eg8SiBGwaL9ZeSVNId6D65B9FacQ10_/view?usp=drive_link,transition;setting,transition,system_play,platform,setter,zone_3,3,3,16,20,medium,"Тактика, Сервис, Пасиране",групово
34,Страйд аут + свободна топка от дясната страна на корта,"Игрова ситуация, Тактика",Напреднали,Преход,"Атака, Ситуационна игра","Цел: Тренировка с изправяне навън. Обяснение: Отборът запазва текущата си ротация. Изпълнявате страничен аут, последван от свободна топка...",Няма данни,Няма данни,"Топки, Мрежа",Неуточнено,Няма данни,Неуточнено,Няма данни,https://drive.google.com/file/d/1O9hTFxjdsL3LgUq1ALuUCzPNkDO8fDY5/view?usp=drive_link,transition,transition,system_play,platform,setter,zone_3,3,3,16,20,medium,"Атака, Ситуационна игра",групово
35,Детегледачка,Техническа подготовка,Всички нива,"Комуникация,Защита","Контрол, Комуникация",Цел: Подобряване на защитната стойка и фокусиране върху следващото действие. Обяснение: Разделете се на групи от по трима и започнете с подаване отгоре...,Няма данни,Няма данни,Топки,Неуточнено,Няма данни,Неуточнено,Няма данни,https://drive.google.com/file/d/1I7d_Il-vCBjsjCWVrEVXyqRYceqXaI3i/view?usp=drive_link,communication;defense,transition,system_play,platform,setter,zone_3,3,3,16,20,medium,"Контрол, Комуникация",групово
36,Чили Пепър Джуниър,Техническа подготовка,Всички нива,Разпределение,"Контрол, Пасиране","Цел: Контролирано подаване. Обяснение: Четирима играчи образуват голям квадрат, като един играч е разположен в центъра...",Няма данни,Няма данни,Топки,Неуточнено,Няма данни,Неуточнено,Няма данни,https://drive.google.com/file/d/1XSXVGyQcIIWcbnrBef3zRnPWTEXmNG75/view?usp=drive_link,setting,transition,system_play,platform,setter,zone_3,3,3,16,20,medium,"Контрол, Пасиране",групово
37,Полудей,Игрова ситуация,Средно напреднали,"Защита,Сервис","Защита, Сервис","Цел: Бърза защитна стойка. Обяснение: Подобрете скоростта. Поставете по един играч на позиции 2 и 4, с трима играчи на позиции 5, 6 и 1...",Няма данни,Няма данни,"Топки, Мрежа",Неуточнено,Няма данни,Неуточнено,Няма данни,https://drive.google.com/file/d/1lDdyugTs__iuG-uB3qMrCuMQ2r_EKov_/view?usp=drive_link,defense;serve,break_point,system_play,platform,setter,zone_3,3,3,13,16,medium,"Защита, Сервис",групово
38,Задаване стъпка по стъпка,Техническа подготовка,Всички нива,Разпределение,"Пасиране, Разпределение","Цел: Основно упражнение, което е важно за по-добро подаване като цяло... Обяснение: Всички подаващи трябва да образуват група...",Няма данни,Няма данни,Топки,Неуточнено,Няма данни,Неуточнено,Няма данни,https://drive.google.com/file/d/1ifBqDGzCJzuTJEvrrd_Qoti8ypNfvwCU/view?usp=drive_link,setting,transition,system_play,platform,setter,zone_3,3,3,16,20,medium,"Пасиране, Разпределение",групово
39,Смяна на тризнаци,Техническа подготовка,Средно напреднали,"Защита,Разпределение","Защита, Пасиране","Цел: Защита и игра над главата. Предизвикателство. Обяснение: Двама играчи заемат позиция на мрежата, докато трети играч от средния бек подава топката на един от тях...",Няма данни,Няма данни,"Топки, Мрежа",Неуточнено,Няма данни,Неуточнено,Няма данни,https://drive.google.com/file/d/1Q5DFTC71ttlJmxrYfXfaSxJ-G2wk4dIW/view?usp=drive_link,defense;setting,transition,system_play,platform,setter,zone_3,3,3,13,16,medium,"Защита, Пасиране",групово
40,Играта „Риболов“,Игрова ситуация,Всички нива,Кондиция,"Контрол, Реакция",Цел: Подобряване на реакцията и уменията за боравене с топката. Обяснение: Кой може да лови риба най-добре? Играем един на един...,Няма данни,Няма данни,"Топки, Мрежа",Неуточнено,Няма данни,Неуточнено,Няма данни,https://drive.google.com/file/d/1_3Rkt40rBFXke-bGXOH5T0b8VeRmVrRN/view?usp=drive_link,conditioning,transition,system_play,platform,setter,zone_3,3,3,16,20,medium,"Контрол, Реакция",групово
41,Докажи го,Игрова ситуация,Напреднали,"Преход,Атака","Тактика, Всички умения","Цел: Високоинтензивна отборна игра. Обяснение: Формират се два отбора. Треньорът дава безплатни топки на отбора, спечелил предишната точка...",Няма данни,Няма данни,"Топки, Мрежа",Неуточнено,Няма данни,Неуточнено,Няма данни,https://drive.google.com/file/d/15vR4ht65eJUvhIeS-K2t73B5gPg4hfJ7/view?usp=drive_link,transition;attack,transition,system_play,platform,setter,zone_3,3,3,16,20,medium,"Тактика, Всички умения",групово
42,Слалом,Техническа подготовка,Всички нива,"Разпределение,Кондиция","Пасиране, Скорост","Цел: Подобряване на подаването отгоре и отдолу и едновременно с това работа върху скоростта. Обяснение: Трима играчи стоят в редица един до друг. Играч C, позициониран в средата, е определеният подаващ...",Няма данни,Няма данни,Топки,Неуточнено,Няма данни,Неуточнено,Няма данни,https://drive.google.com/file/d/1whvhTMfipI_1E-VTajbNnnfjK6Xm-m2Q/view?usp=drive_link,setting;conditioning,transition,system_play,platform,setter,zone_3,3,3,16,20,medium,"Пасиране, Скорост",групово
43,Геодезически,Техническа подготовка,Всички нива,"Разпределение,Кондиция","Пасиране, Скорост","Цел: Подобряване на горното и долното подаване и скоростта. Обяснение: Трима играчи образуват триъгълник: A, B и C...",Няма данни,Няма данни,Топки,Неуточнено,Няма данни,Неуточнено,Няма данни,https://drive.google.com/file/d/1p_FNpRjLm9IPq6CzxigmXuqHg0fVl5I6/view?usp=drive_link,setting;conditioning,transition,system_play,platform,setter,zone_3,3,3,16,20,medium,"Пасиране, Скорост",групово
44,"Двойно виждане, част 3",Техническа подготовка,Всички нива,Разпределение,"Пасиране, Концентрация","Цел: Сервиращият трябва да се концентрира върху следващата топка. Обяснение: Левият ред започва играта, като хваща първата топка...",Няма данни,Няма данни,"Топки, Мрежа",Неуточнено,Няма данни,Неуточнено,Няма данни,https://drive.google.com/file/d/1pD1fxYNIfWUkY95OQ7JA2TyqZy8DLioU/view?usp=drive_link,setting,transition,system_play,platform,setter,zone_3,3,3,16,20,medium,"Пасиране, Концентрация",групово
45,Задайте свой собствен пропуск,Техническа подготовка,Средно напреднали,"Атака,Разпределение","Пасиране, Атака","Цел: Подаване и извънсистемни ситуации, тайминг на атакуващите. Обяснение: Две линии от подаващи са позиционирани с десен и ляв преден нападател...",Няма данни,Няма данни,"Топки, Мрежа",Неуточнено,Няма данни,Неуточнено,Няма данни,https://drive.google.com/file/d/1pX9nF7gIpTjyhkU3AEDSOcS4Nxloz8LR/view?usp=drive_link,attack;setting,transition,system_play,platform,setter,zone_3,3,3,13,16,medium,"Пасиране, Атака",групово
46,Въртележка,Техническа подготовка,Всички нива,Кондиция,"Контрол, Движение","Цел: Движете се по-бързо и поемете контрол. Обяснение: Трима играчи застават в центъра, с гръб един към друг, и си подават топката...",Няма данни,Няма данни,Топки,Неуточнено,Няма данни,Неуточнено,Няма данни,https://drive.google.com/file/d/192SHQg78VaYIQ8MYPY9B7VxnAqBjB53o/view?usp=drive_link,conditioning,transition,system_play,platform,setter,zone_3,3,3,16,20,medium,"Контрол, Движение",групово
47,Куикстеп,Техническа подготовка,Всички нива,Разпределение,"Пасиране, Движение","Цел: Подобряване на защитната позиция и движението. Обяснение: Шест или повече играчи, двама от които са здраво позиционирани отстрани на страничната линия...",Няма данни,Няма данни,Топки,Неуточнено,Няма данни,Неуточнено,Няма данни,https://drive.google.com/file/d/11uOBIHzcipc2YrUx3hgDnUjpWCZKl0m2/view?usp=drive_link,setting,transition,system_play,platform,setter,zone_3,3,3,16,20,medium,"Пасиране, Движение",групово
48,Това не е честно,Игрова ситуация,Напреднали,Преход,"Тактика, Всички умения","Цел: Подобряване на играта странично навън (извън системата). Обяснение: Формирайте групи от трима. Сервирайте от отбора, състоящ се от шестима играчи...",Няма данни,Няма данни,"Топки, Мрежа",Неуточнено,Няма данни,Неуточнено,Няма данни,https://drive.google.com/file/d/1rQTipt6uj1cTfWgjEtj-eH3EU77nGOXF/view?usp=drive_link,transition,transition,system_play,platform,setter,zone_3,3,3,16,20,medium,"Тактика, Всички умения",групово
49,Слалом1,Техническа подготовка,Средно напреднали,"Атака,Защита","Атака, Защита","Цел: Превключвайте по-бързо и се подгответе за следващото действие. Обяснение: Треньорът подава топката към центъра на игрището, като сервира или хвърля...",Няма данни,Няма данни,"Топки, Мрежа",Неуточнено,Няма данни,Неуточнено,Няма данни,https://drive.google.com/file/d/1ZbudxEvMcRHfe2bbaarslTUnXK1bh6kl/view?usp=drive_link,attack;defense,transition,system_play,platform,setter,zone_3,3,3,13,16,medium,"Атака, Защита",групово
50,"Пеперуда, право напред","Загрявка, Техническа подготовка",Всички нива,Разпределение,"Контрол, Пасиране",Цел: Загрявка на няколко позиции. Контрол. Обяснение: Две игрища са разположени еднакво. Диагонален играч подава топката от своята половина на свободния играч на мрежата...,Няма данни,25 (две двойки),"Топки, Мрежа",Неуточнено,Неуточнено,Неуточнено,Няма данни,https://drive.google.com/file/d/17IDIyjE7E-mhBWKoU2VMgTr36sFwzxak/view?usp=drive_link,setting,transition,system_play,platform,setter,zone_3,3,3,16,20,medium,"Контрол, Пасиране",игрово
51,Пеперудата на Хосе,Техническа подготовка,Средно напреднали,"Атака,Защита","Атака, Защита","Цел: Техники за фина настройка. Обяснение: От позиция 2, ударете топката към позиции 4/5 от вашата страна на игрището...",Няма данни,24 (две двойки),"Топки, Мрежа",Неуточнено,Неуточнено,Неуточнено,Няма данни,https://drive.google.com/file/d/18XEMDIMDlAh_yCflmcIvMMN12fVn-tVK/view?usp=drive_link,attack;defense,transition,system_play,platform,setter,zone_3,3,3,13,16,medium,"Атака, Защита",игрово
52,Тръбна пеперуда,Техническа подготовка,Средно напреднали,"Атака,Защита","Атака, Защита","Цел: Подобряване на атаката отзад. Обяснение: Нападателят хвърля топката на подаващия, който я контролира и я изпраща към левия бек...",Няма данни,23 (две двойки),"Топки, Мрежа",Неуточнено,Неуточнено,Неуточнено,Няма данни,https://drive.google.com/file/d/1rHP033ACDSeMzMXylBYS7iPsKkA-tCiv/view?usp=drive_link,attack;defense,transition,system_play,platform,setter,zone_3,3,3,13,16,medium,"Атака, Защита",игрово
53,"Страничен удар + Фрийбол в средата, тръбата или позиция 4","Игрова ситуация, Тактика",Напреднали,"Преход,Атака","Атака, Ситуационна игра","Цел: Тренировка с изправяне навън. Обяснение: Отборът поддържа една и съща ротация. Изпълнявате страничен аут, последван от свободна топка...",Няма данни,22 (две двойки),"Топки, Мрежа",Неуточнено,Неуточнено,Неуточнено,Няма данни,https://drive.google.com/file/d/1S6FwquGNolpzhB51vUfQd1s9YAlPYomZ/view?usp=drive_link,transition;attack,transition,system_play,platform,setter,zone_3,3,3,16,20,medium,"Атака, Ситуационна игра",игрово
54,Анти-кульминация,"Игрова ситуация, Тактика,Техническа подготовка",Всички нива,"Блок,Атака,Защита","Атака, Защита, Блокиране","Цел: Да се ​​научиш да вкарваш голове възможно най-бързо и да се възползваш от възможностите си. Обяснение: Играта е проста. Треньорът започва играта, като сервира топката...",Няма данни,21 (две двойки),"Топки, Мрежа",Неуточнено,Неуточнено,Неуточнено,Няма данни,https://drive.google.com/file/d/1eS3sgFOqZbkMBcT2QjoJyMEjjGos-84w/view?usp=drive_link,block;attack;defense,transition,system_play,platform,setter,zone_3,3,3,16,20,medium,"Атака, Защита, Блокиране",игрово
55,Караница,Игрова ситуация,Всички нива,"Преход,Атака",Всички умения,"Цел: Да се ​​прегледат накратко всички аспекти на волейболната игра. Обяснение: Треньорът хвърля топката до ръба на мрежата, където двама играчи, обърнати един срещу друг, едновременно скачат, за да я оспорят...",Няма данни,20 (две двойки),"Топки, Мрежа",Неуточнено,Неуточнено,Неуточнено,Няма данни,https://drive.google.com/file/d/1JuvvUqtx1Ytfc_-9v2Gvhsxnvd2sSBlF/view?usp=drive_link,transition;attack,transition,system_play,platform,setter,zone_3,3,3,16,20,medium,Всички умения,игрово
56,Крал на двора XL,Игрова ситуация,Всички нива,"Преход,Атака",Всички умения,"Цел: Подобряване на всички умения чрез игра. Обяснение: 2 срещу 4. Кралете или дамите заемат едната страна, където се печелят точки...",Няма данни,19 (две двойки),"Топки, Мрежа",Неуточнено,Неуточнено,Неуточнено,Няма данни,https://drive.google.com/file/d/1aafEWfNL0TX_LvkaPelGtzcdbrxxHTko/view?usp=drive_link,transition;attack,transition,system_play,platform,setter,zone_3,3,3,16,20,medium,Всички умения,игрово
57,Обърни се и хвани,Техническа подготовка,Всички нива,"Комуникация,Защита","Комуникация, Защита","Цел: Подобряване на игровите ситуации, комуникацията. Обяснение: Трима играчи застават до треньора, готови да подадат топката...",Няма данни,18 (две двойки),Топки,Неуточнено,Неуточнено,Неуточнено,Няма данни,https://drive.google.com/file/d/1aPiTgdqvyZn5QyD4Zt1H9TWreYclcVlT/view?usp=drive_link,communication;defense,transition,system_play,platform,setter,zone_3,3,3,16,20,medium,"Комуникация, Защита",игрово
58,Мач до 3 точки,Игрова ситуация,Всички нива,Преход,Всички умения,"Цел: Тренировка „странично навън“. Обяснение: В стандартен мач, използващ обикновената ротационна система, не се въвеждат допълнителни топки в игра...",Няма данни,17 (две двойки),"Топки, Мрежа",Неуточнено,Неуточнено,Неуточнено,Няма данни,https://drive.google.com/file/d/15uI9qsf223KvC1O0KjhjLXYBJJRq_Vfr/view?usp=drive_link,transition,transition,system_play,platform,setter,zone_3,3,3,16,20,medium,Всички умения,игрово
59,Министри на съда,Игрова ситуация,Всички нива,Сервис,Всички умения,"Цел: Отборна игра, подобряване на сервиса. Обяснение: Голям вариант на „Крал на корта“: 6 срещу 3. Групата от трима души се определя като Крале, Дами или Министри...",Няма данни,16 (две двойки),"Топки, Мрежа",Неуточнено,Неуточнено,Неуточнено,Няма данни,https://drive.google.com/file/d/1trzMZORpzNHUKbY9c3Zon279CD07E6cN/view?usp=drive_link,serve,transition,system_play,platform,setter,zone_3,3,3,16,20,medium,Всички умения,игрово
60,Хрупкав,Игрова ситуация,Всички нива,"Защита,Кондиция","Реакция, Защита","Цел: Играчите се учат да бъдат подготвени за всичко, да показват ангажираност с всяка топка и винаги да бъдат директно подготвени за следващата топка. Обяснение: Това е отлично волейболно упражнение, при което треньорът играе ролята на антагонист...",Няма данни,15 (две двойки),"Топки, Мрежа, Стена/Таван",Неуточнено,Неуточнено,Неуточнено,Няма данни,https://drive.google.com/file/d/1foYEu0fWzinJFcg9YkldLyAd8PuIec0o/view?usp=drive_link,defense;conditioning,transition,system_play,platform,setter,zone_3,3,3,16,20,medium,"Реакция, Защита",игрово
61,Мелница,Загрявка,Средно напреднали,Кондиция,Всички умения,"Цел: Добро загряване във всички позиции. Обяснение: Поне един играч заема позиция 5, а друг - позиция 4...",Няма данни,14 (две двойки),"Топки, Мрежа",Неуточнено,Неуточнено,Неуточнено,Няма данни,https://drive.google.com/file/d/19qHdIZ3_KGSxdUUteLM-hwV8cdm9oZU0/view?usp=drive_link,conditioning,transition,system_play,platform,setter,zone_3,3,3,13,16,medium,Всички умения,игрово
62,Съвпадение на ротациите странично навън,Игрова ситуация,Напреднали,"Преход,Разпределение","Тактика, Сервис, Пасиране",Цел: Тренировка „странично навън“. Обяснение: Кой отбор ще завърши всичките шест ротации пръв? Мачът е кратък до три точки...,Няма данни,13 (две двойки),"Топки, Мрежа",Неуточнено,Неуточнено,Неуточнено,Няма данни,https://drive.google.com/file/d/14Eg8SiBGwaL9ZeSVNId6D65B9FacQ10_/view?usp=sharing,transition;setting,transition,system_play,platform,setter,zone_3,3,3,16,20,medium,"Тактика, Сервис, Пасиране",игрово
63,Страйд аут + свободна топка от дясната страна на корта,"Игрова ситуация, Тактика",Напреднали,Преход,"Атака, Ситуационна игра","Цел: Тренировка с изправяне навън. Обяснение: Отборът запазва текущата си ротация. Изпълнявате страничен аут, последван от свободна топка...",Няма данни,12 (две двойки),"Топки, Мрежа",Неуточнено,Неуточнено,Неуточнено,Няма данни,https://drive.google.com/file/d/1O9hTFxjdsL3LgUq1ALuUCzPNkDO8fDY5/view?usp=sharing,transition,transition,system_play,platform,setter,zone_3,3,3,16,20,medium,"Атака, Ситуационна игра",игрово
79,Синхронизирано подаване по права и диагонал,Техническа подготовка,Всички,"Атака,Разпределение,Защита",Всички умения,"Цел: Състезатели №1 и №2 използват атакуващ удар, а състезатели №3 и №4 насочват топката обратно като използват защитни действия (за по-квалифицирани състезатели).",Няма данни,4 (две двойки),"Две двойки състезатели взаимодействат в синхрон с едновременно подаване с две ръце (отгоре, отдолу, с отскок, странично) по права (поле А - горна половина на игрището) и по диагонал (поле Б - долна половина на игрището). Състезателите сменят местата помежду си след всяко действие. Диаграма (Поле А): Две двойки състезатели са разположени на задната половина на игрището, като си подават по права линия, движейки се в кръг около своите зони. Диаграма (Поле Б): Две двойки състезатели са разположени на задната половина на игрището, като си подават по диагонална линия, движейки се в кръг около своите зони.",Неуточнено,Неуточнено,Неуточнено,https://i.imgur.com/RYs8tPF.png,,attack;setting;defense,transition,system_play,platform,setter,zone_3,3,3,16,20,medium,Всички умения,групово
80,Усъвършенстване игра в защита и посрещане с две ръце отгоре,Техническа подготовка,Всички,"Посрещане,Защита",Всички умения,"Състезател №1 атакува (1) със средна сила и подходяща по височина топка към състезател №2, който обработва топката, насочвайки я обратно към състезател №1 със задължително посрещане (2) с две ръце отгоре.",Няма данни,2,"Състезател №1 атакува (1) към състезател №2, който със защитни действия (2) директно насочва топката обратно към състезател №1 за последващи атаки. Диаграма: Състезател №1 е до страничната линия в зона 1/6, до конус (Т). Той атакува (1) към състезател №2, който е по-напред и централно в зона 5/6. Състезател №2 посреща (2) обратно към №1.",5,Неуточнено,Неуточнено,https://i.imgur.com/q9OPFyN.png,,reception;defense,transition,system_play,platform,setter,zone_3,3,3,16,20,medium,Всички умения,групово
81,"Бързина на реакцията, ловкост, атрактивност и емоционалност (Две топки във въздуха)",Техническа подготовка,Всички,Кондиция,Всички умения,Смяна на ролите след определен брой атаки.,Няма данни,2,"Състезателите са по двойки на 9-10 метра разстояние, всеки с топка. Състезател №2 подхвърля с две ръце свободно висока топка (2), удобна за нападение към състезател №1. В момента на хвърлянето, състезател №1 атакува (1) своята топка към партньора си. Състезател №2 само улавя атакуваните топки и ги насочва (хвърля) удобно обратно за следващи атаки. Смяна на ролите след определен брой атаки. Диаграма: Двама играчи (1 и 2) са разположени един срещу друг по дължината на задната част на игрището. Между тях има две прекъснати стрелки, които показват две топки, движещи се едновременно – една атакувана (1) и една подхвърлена (2).",7,Неуточнено,Неуточнено,https://i.imgur.com/WjjQOFj.png,,conditioning,transition,system_play,platform,setter,zone_3,3,3,16,20,high,Всички умения,групово
82,"Контрол на топката, атрактивност, комуникативност и координация (Две топки, разнопосочно)",Техническа подготовка,Всички,"Кондиция,Разпределение",Всички умения,Подаване (1) по земята между двойката състезатели се осъществява с удар с различни части на ходилото.,Няма данни,2,"Състезателите са по двойки на 5-7 метра разстояние, всеки с топка. Едната топка (1) се движи (търкаля по земята), като се подава между състезателите с една или две ръце. Другата топка (2) се подава между състезателите по въздуха свободно (с две ръце отгоре или отдолу според ситуацията). Диаграма: Двама играчи (C, C) са разположени на задната линия на игрището, един срещу друг. Една пунктирана стрелка (1) показва търкаляне на топка между тях по земята. Друга пунктирана стрелка (2) с дъга показва подаване по въздуха. Забележка: Двете топки се движат разнопосочно!",5,Неуточнено,Неуточнено,https://i.imgur.com/X5rtzOx.png,,conditioning;setting,transition,system_play,platform,setter,zone_3,3,3,16,20,medium,Всички умения,групово
83,Техника подаване и скорост на странично придвижване,Техническа подготовка,Всички,Кондиция,Всички умения,,Няма данни,2,"Състезатели до мрежата подават с две ръце (отгоре или отдолу) едновременно топки по правата около страничната линия. Състезатели №1 и №2 след връщане на подаването с две ръце отгоре или отдолу се придвижват странично до средата на игрището, като осъществяват контакт (пляскане) помежду си с дланта на вътрешната си ръка. Връщат се на изходни позиции за непрекъснатост на взаимодействията. Диаграма: Двама играчи (C, C) са разположени в предната част на игрището до мрежата, близо до страничните линии. От тях тръгват топки (стрелки с дъга) по права линия. Две звездички показват зоната на контакт в средата на игрището. Две други звездички показват крайната точка на придвижване до страничните линии. Забележка: Изискване за максимална скорост на страничното придвижване с излизане на стъпалото на външния крак извън страничната линия.",7,Неуточнено,Неуточнено,https://i.imgur.com/CblfFfQ.png,,conditioning,transition,system_play,platform,setter,zone_3,3,3,16,20,high,Всички умения,групово
84,Техника подаване и скорост на придвижване напред и назад,Техническа подготовка,Всички,"Кондиция,Разпределение",Всички умения,"След подаване (6) противоправна смяна на ролите без прекъсване, т.е. състезател №2 с подаване (6) стартира същото огледално разиграване и придвижване.",Няма данни,2,"Състезател до мрежата подава (1) топка за посрещане с две ръце отдолу на партньор около 7-8 метър, който връща подаването (2). Следва второ, късо подаване на състезателя до мрежата (3) вертикално нагоре (средна височина) за връщане на подаването (4) на придвижилия се състезател №1 с две ръце отдолу. След подаването с две ръце отдолу на къса топка (4) на придвижилия се състезател, състезателят до мрежата извършва самостоятелно подаване (5) на висока топка над главата си, за да даде възможност на придвижилия се състезател да заеме изходна позиция около 7-8 метър за непрекъснатост на упражнението. Диаграма: Играч (1) е на задната линия. Подава към играч (С) близо до мрежата. Топката се движи напред-назад, а играч (1) се придвижва към 7-8 метра, а след това към мрежата, за да продължи играта с подаване (5) над главата.",7,Неуточнено,Неуточнено,https://i.imgur.com/rFP65GB.png,,conditioning;setting,transition,system_play,platform,setter,zone_3,3,3,16,20,high,Всички умения,групово
85,Техника подаване и бързина на странично придвижване (с висока топка),Техническа подготовка,Всички,Кондиция,Всички умения,,Няма данни,2,"Двойката състезатели (№1 и №2) се позиционират на разстояние 3-4 метра един от друг в права линия. Състезател №2 стартира с вертикално подаване на топка на височина 6-8 метра с две ръце (отгоре, отдолу). В момента на подаване състезател №1 стартира с динамично странично придвижване за изпълнение на същото вертикално подаване. Диаграма: Двама играчи (1 и 2) са разположени един срещу друг на задната линия, на разстояние 3-4 метра. Между тях има пунктирана стрелка, показваща вертикално подаване (от 6-8 метра височина). От играч (1) тръгва стрелка за странично придвижване към играч (2). Забележка: Изискване за задължително динамично странично придвижване и поддържане траекторията на летеж на топката в стабилна вертикална позиция.",7,Неуточнено,Неуточнено,https://i.imgur.com/uehaV1B.png,,conditioning,transition,system_play,platform,setter,zone_3,3,3,16,20,high,Всички умения,групово
86,Техника на придвижване и точност подаване (с 3 докосвания),Техническа подготовка,Всички,"Разпределение,Атака,Кондиция",Всички умения,"С две ръце отгоре, отдолу, странично. След третото докосване се извършва самостоятелно, допълнително четвърто подаване над глава и се завършва с лек китков удар (забиване) към партньора.",Няма данни,2,"Състезателите са по двойки, един зад друг на едната странична линия. Състезател №1 с три докосвания на топката (1-2-3) се придвижва до срещуположната странична линия, като след третото докосване се обръща и подава (4) топката към състезател №2. Връща се на изходно положение за непрекъснатост на упражнението. Диаграма: Двама играчи (1 и 2) са позиционирани на една странична линия, един зад друг. Играч 1 се движи по дължината на мрежата с 3 докосвания (1-2-3), обръща се и подава (4) към играч 2, който е на другата странична линия.",5,Неуточнено,Неуточнено,https://i.imgur.com/h0Pc6SZ.png,,setting;attack;conditioning,transition,system_play,platform,setter,zone_3,3,3,16,20,medium,Всички умения,групово
87,Техника на подаване след придвижване,Техническа подготовка,Всички,"Разпределение,Кондиция",Всички умения,"След подаване (6) противоправна смяна на ролите без прекъсване, т.е. състезател №2 с подаване (6) стартира същото огледално разиграване и придвижване.",Няма данни,2,"Състезател №1 подава висока, дълга топка (1) на състезател №2, който му връща подаването с къса топка (2). Състезател №1 след придвижване връща топката с две ръце отдолу с подаване (3). Следва разиграване със средно висока топка (4) около зона №3 и връщане на подаването (5) с две ръце отгоре през глава назад отново към състезател №2. Следва дълга топка (6) от състезател №2 за подновяване на упражнението с върналия се състезател №1 на изходна позиция. Диаграма: Двама играчи (1 и 2) започват от задната линия. Играч 1 подава дълга топка (1) към играч 2, който връща къса топка (2). Играч 1 се придвижва, посреща (3) и т.н. Използват се различни зони (3).",5,Неуточнено,Неуточнено,https://i.imgur.com/0FzYHfP.png,,setting;conditioning,transition,system_play,platform,setter,zone_3,3,3,16,20,medium,Всички умения,групово
88,"Техника на подаване, бързина на придвижване, ритмичност, комуникативност и периферно зрение (по тройки)",Техническа подготовка,Всички,Кондиция,Всички умения,Различни видове техники за докосване на топката.,Няма данни,6,"Състезатели №1, №3 и №5 от страничната линия стартират упражнението едновременно след звуков сигнал от страна на треньора с подаване по правата. Състезатели №2, №4 и №6 задължително играят с две докосвания на топката (различни видове техники), като връщат подаването в същата посока. Следва същото разиграване отново с две докосвания на топката от стартиралите състезатели след придвижване по указаната схема. Диаграма: Шест играча (1-6) са разположени по страничните линии. Трима играчи (1, 3, 5) от едната страна подават по права. Други трима (2, 4, 6) от другата страна посрещат и връщат. Движението е синхронно и ритмично. Забележка: Треньор подхвърля топка на мястото на сгрешената ситуация за непрекъснатост на действията.",7,Неуточнено,Неуточнено,https://i.imgur.com/Q52QWrs.png,,conditioning,transition,system_play,platform,setter,zone_3,3,3,16,20,high,Всички умения,игрово
89,"Техника на придвижване, точност подаване, периферно зрение и комуникативност (двойки по дължина)",Техническа подготовка,Всички,"Разпределение,Кондиция",Всички умения,,Няма данни,6 или повече (3+ двойки),"Състезателите се разполагат един срещу друг по двойки в близост до страничната линия по цялата дължина на игрището (по три и повече двойки в половин игрище). Всяка двойка състезатели осъществява свободно разиграване помежду си, като използва различни видове техники на подаване. Всички двойки се придвижват от крайна линия на поле А до крайната линия на поле Б и обратно. Диаграма: Двойки играчи (отбелязани като точки с номер и стрелки) са разположени по дължината на игрището, близо до страничните линии. Те си подават по диагонал и се придвижват напред-назад по игрището. Забележка: Всяка двойка състезатели използва средно от 12 до 14 докосвания на топката за придвижване от крайната линия на едното игрище до крайната линия на другото игрище.",5,Неуточнено,Неуточнено,https://i.imgur.com/nJVRbxW.png,,setting;conditioning,transition,system_play,platform,setter,zone_3,3,3,16,20,medium,Всички умения,игрово
90,"Техника подаване и усъвършенстване игра в защита след придвижване, комуникативност",Техническа подготовка,Всички,Защита,Всички умения,,Няма данни,2,"Състезател №2 от зона №4 стартира със забиване (1) към състезател №1 в зона №6, който отразява топката (2) към зона №3. След атакуващото действие състезател №2 се придвижва в зона №3 и подава (3) спасената от състезател №1 топка в зона №2 на придвижилия се състезател №1. Следва вдигане (4) в зона №4 отново към състезател №2, който атакува (5) към зона №1 отново към състезател №1 за защитно действие (6) към зона №4 за подновяване на игровите взаимодействия между двамата състезатели без прекъсване по схемата. Диаграма: Двама играчи (1 и 2) са в задни зони на игрището, докато други двама (звездички) са в предните зони. Играч 2 атакува (1) към играч 1, който посреща (2) към зона 3. Играч 2 се придвижва към зона 3, подава (3) към играч 1 в зона 2, който вдига (4) към зона 4 за играч 2, който атакува (5) към играч 1 за защита (6), и т.н. Забележка: Треньор подхвърля топка на мястото на сгрешената ситуация за непрекъснатост на действията.",7,Неуточнено,Неуточнено,https://i.imgur.com/FFQ2vCu.png,,defense,transition,system_play,platform,setter,zone_3,3,3,16,20,high,Всички умения,групово
91,Техника подаване след придвижване при дефицит от време,"Основна фаза 1,Техническа подготовка",Всички,"Разпределение,Кондиция",Всички умения,"При повече от две двойки състезатели на страничната линия, упражнението може да е с две топки едновременно (за по-квалифицирани състезатели).",Няма данни,2 или повече,"Състезателите са по двойки на страничната линия. Взаимодействат помежду си с подаване с две ръце: отгоре, отдолу, странично, с отскок. Диаграма: Две двойки играчи (1 и 2) са разположени по страничните линии, до крайната линия. Между тях има стрелка, показваща подаване, а до играчите има триъгълници, показващи зона за придвижване/покритие. Забележка: Двете топки се движат разнопосочно в синхрон!",7,Неуточнено,Неуточнено,https://i.imgur.com/L4BirUU.png,,setting;conditioning,transition,system_play,platform,setter,zone_3,3,3,16,20,high,Всички умения,групово
92,Индивидуална техника в защита и точност на второто подаване,Основна фаза 1,Всички,Защита,Всички умения,,Няма данни,4 или повече (2 двойки в колони),"Състезателите са по двойки в колони в зони №5 и №1. Състезател (или треньор) в зона №3 атакува произволно (1, 4) в зони №1 или №5, като неучаствалия в защита състезател от двойката (в случая състезател №1) догонва и насочва (3) спасената топка за подновяване на действията с атака от зона №3 към следващата двойка състезатели. Диаграма: Две колони от играчи (1, 2) са разположени на задната линия в зони 1 и 5. Треньор (Т) е до мрежата в зона 3. Треньорът атакува (1, 4) към зоните 1 или 5. Играч от колона 1 или 5 (неучастващ в защита) се придвижва, за да посрещне (3) топката и да я подаде обратно към зона 3 за атака. Забележка: При допускане на грешка от технически характер, треньор подхвърля топка в зона №3 за подновяване на действията и непрекъснатост на упражнението.",5,Неуточнено,Неуточнено,https://i.imgur.com/MZfsruN.png,,defense,transition,system_play,platform,setter,zone_3,3,3,16,20,medium,Всички умения,групово
93,Контрол на топката в защита след взривна работа с краката,"Основна фаза 2,Техническа подготовка",Всички,Защита,Всички умения,,Няма данни,4 (две двойки),"Състезател №1 взаимодейства със състезател №2 с разнообразни по сила атакуващи удари и дължина топки (1, 2, 3...). По време на динамичната игра в защита, другата двойка състезатели (№3 и №4) в средно темпо редува без прекъсване бягане напред и докосване с ръка на триметровата линия, с бягане назад и приземяване на крайната линия. Смяна на ролите и позициите при фиксирано време, като се спазва изискването за игра в защита на състезателите, съответстваща на поста и зоната на тактическата схема на отбора. Диаграма: Играч №1 атакува (1, 2, 3) от предна зона към играч №2 в задна зона. Двойка играчи (3 и 4) правят линейни придвижвания напред-назад по дължината на игрището. Забележка: При грешка от технически характер треньор подхвърля топка на атакуващия състезател за непрекъснатост на действията.",7,Неуточнено,Неуточнено,https://i.imgur.com/MfPISZr.png,,defense,transition,system_play,platform,setter,zone_3,3,3,16,20,high,Всички умения,групово
94,Техника на игра в защита и атака (2-ма състезатели),Основна фаза 2,Всички,"Защита,Атака",Всички умения,"Прехвърляне на топката: действие (3) се осъществява с една ръка, с две ръце отгоре или отдолу, с удар без отскок или с отскок, с крак, с глава. Играещият в задно поле състезател сам определя предварително мястото си за игра в защита (в коридор по цялата дължина на игрището). Смяна на местата в двойката след разиграване (1, 2, 3).",Няма данни,2,"Състезатели №1 и №2 взаимодействат (1, 2, 3) помежду си за прехвърляне на топката в поле Б. Следва същото разиграване с три докосвания на топката от поле Б. Диаграма: Играч №1 подава (1) към №2, който посреща (2) и топката се прехвърля (3) в поле Б (противниковото поле). След това цикълът се повтаря. Конус (Т) е разположен до мрежата отстрани.",5,Неуточнено,Неуточнено,https://i.imgur.com/D2VLCTS.png,,defense;attack,transition,system_play,platform,setter,zone_3,3,3,16,20,medium,Всички умения,групово
95,Подаване с два удара и смяна на полето,Основна фаза 1,Всички,"Атака,Разпределение",Всички умения,Второто докосване (прехвърляне) на топката се осъществява с лек китков удар с или без отскок.,Няма данни,4 (две двойки),"Състезатели по двойки взаимодействат помежду си с два удара. Първото и второто докосване на топката се осъществява само с две ръце отдолу. Задължително прехвърляне зад нападателната линия в другото поле без изискване за посока. След всяко взаимодействие двойката състезатели сменя игралното поле. Диаграма: Две двойки са позиционирани в задните зони на всяко поле. Те си подават по два пъти, след което прехвърлят топката над мрежата зад триметровата линия на противниковото поле. Има стрелки за движение по права линия и смяна на полето. Треньор (Т) е до мрежата. Забележка: Треньор подхвърля топка на мястото на сгрешената ситуация за непрекъснатост на действията.",Неуточнено,Неуточнено,Неуточнено,https://i.imgur.com/lWKSnnH.png,,attack;setting,transition,system_play,platform,setter,zone_3,3,3,16,20,medium,Всички умения,групово
96,"Техника на игра в атака и защита (двойки, висок интензитет)",Основна фаза 1,Напреднали/Квалифицирани,"Атака,Защита,Блок",Всички умения,"След разиграването двойката състезатели извършва в собственото игрище в синхрон двоен блок в зона №3 и самостоятелно единичен блок в края на мрежата, след което преминава в другото поле.",Няма данни,4 (две двойки),"Състезател №2 взаимодейства (1) със състезател №1, който му вдига (2) топка за атака (3) от втора линия с контролиран удар по свой избор в зона №5 или зона №1. Следва същото динамично взаимодействие (защита, вдигане, атака) от другото поле със следващата двойка състезатели. Диаграма: Две двойки са разположени в задните и предни зони на всяко поле (по две звездички в задната зона, две кръгчета в предната). Топки се движат между тях, имитирайки атака и защита, с прехвърляне над мрежата. Има стрелки за ротация.",7,Неуточнено,Неуточнено,https://i.imgur.com/M0J2T3i.png,,attack;defense;block,transition,system_play,platform,setter,zone_3,3,3,16,20,high,Всички умения,групово
97,"Техника на игра в защита и атака, бързина на придвижване, съобразителност и комуникация",Основна фаза 2,Всички,"Атака,Защита,Кондиция",Всички умения,,Няма данни,4,"Състезателите са по двойки в зони №5 и №1. Състезател №1 взаимодейства (1) със състезател №2, който му вдига (2) топка за атака от втора линия (3) по избор в зона №1 или зона №5. В случай след защитно действие (4) на състезател №4, атакувалият състезател №1 минава под мрежата и вдига (5) топка за атака от втора линия (6) на неучаствалия в защитно действие състезател №3. Следват същите взаимодействия без прекъсване. Диаграма: Две двойки играчи са в задните ъгли на едното поле. Треньор (Т) е до мрежата. Поредица от атаки (3, 6) и защитни действия (4) се случват, с преминаване на играч под мрежата и смяна на роли. Забележка: При грешка от технически характер треньор подхвърля топка на мястото на сгрешената ситуация за непрекъснатост на упражнението.",7,Неуточнено,Неуточнено,https://i.imgur.com/BqZsFNo.png,,attack;defense;conditioning,transition,system_play,platform,setter,zone_3,3,3,16,20,high,Всички умения,групово
98,"Упражнения по тройки: Подаване, бързина на странично придвижване, ритмичност и концентрация",Основна фаза 2,Всички,Кондиция,Всички умения,,Няма данни,3,"Състезател №3 до мрежата подава (1) висока топка по правата в центъра на игрището. Състезател №2 връща подаването (2), след което се придвижва странично, излизайки с десен крак извън страничната линия. В момента на контакт с топката на състезател №2, състезател №1 стартира с динамично странично придвижване към центъра на игрището за изпълнение на същите взаимодействия (1, 2) и ритмично продължаване на упражнението без прекъсване. Диаграма: Трима играчи (1, 2, 3) са разположени в задните зони на едното поле. Играч 3 (разпределител) подава висока топка (1) към зона 2/3. Играч 2 посреща (2) и се придвижва странично. Играч 1 се придвижва към центъра. Всичко е ритмично. Треньор (Т) е до мрежата.",7,Неуточнено,Неуточнено,https://i.imgur.com/uehaV1B.png,,conditioning,transition,system_play,platform,setter,zone_3,3,3,16,20,high,Всички умения,групово
99,"Техника на подаване (две странични линии, напред/назад)",Основна фаза 1,Всички,Разпределение,Всички умения,Подаване (1) към състезател №1 се редува по веднъж вляво и вдясно на 1.5-2.0 м разстояние. Обръщане посоката на движение на топката. Изпълнение с две топки едновременно (стартира се с по една топка в състезатели №1 и №3).,Няма данни,3,"Състезатели №1 и №3 са разположени на двете странични линии, като подават (1, 3) с две ръце отгоре или отдолу напред. Състезател №2 подава (2) с две ръце отгоре назад през глава. Диаграма: Трима играчи (1, 2, 3). Играчи 1 и 3 са на страничните линии. Играч 2 е централно разположен между тях. Топки се подават между 1 и 2, и 2 и 3, с прехвърляне над главата на играч 2.",5,Неуточнено,Неуточнено,https://i.imgur.com/7eEV49O.png,,setting,transition,system_play,platform,setter,zone_3,3,3,16,20,medium,Всички умения,групово
100,"Ритмичност и точност в техниката на подаване (с две топки, по тройки)",Основна фаза 1,Всички,Разпределение,Всички умения,"Взаимодействието между състезателите е с две ръце (отгоре, отдолу, с отскок). Всеки състезател играе с две (три) докосвания на топката, като използва различни видове техники, а състезателят без топка изпълнява странично приземяване.",Няма данни,3,"Упражнението е с две топки в синхрон. Състезател №2 взаимодейства (1) със състезател №1, който в същото време подава (2) своята топка към състезател №3 за непрекъснато разиграване на двете топки между тримата. Диаграма: Трима играчи (1, 2, 3) са разположени в триъгълник в задната половина на игрището. Играч 2 подава (1) към 1, докато 1 подава (2) към 3. Топките се движат едновременно.",5,Неуточнено,Неуточнено,https://i.imgur.com/0iwtzfk.png,,setting,transition,system_play,platform,setter,zone_3,3,3,16,20,medium,Всички умения,групово
101,"Техника на подаване, ритмичност (с блок/нападение)",Основна фаза 2,Всички,"Атака,Блок",Всички умения,Противоправно (огледално) изпълнение на упражнението със стартиране зад нападателната линия от зона №4 (състезател №3 е в зона №2).,Няма данни,3,"Състезател №1 зад нападателната линия от зона №2 подава (1) към състезател №3 в зона №4 и веднага се придвижва напред към мрежата за изпълнение на единичен блок или имитиращо нападение. Състезател №2 му връща подаването (2) с топка на мрежата, която състезател №1 обработва (3) с различни видове техники към състезател №2 за продължаване на същото разиграване без прекъсване. Диаграма: Играч 1 е на задната линия в зона 2, подава (1) към играч 3 в зона 4, след което бързо се придвижва към мрежата за блок. Играч 2 е до мрежата и връща топката (2) на мрежата. Играч 1 я обработва (3) към играч 2. Конус (Т) е до мрежата.",5,Неуточнено,Неуточнено,https://i.imgur.com/ydVLYib.png,,attack;block,transition,system_play,platform,setter,zone_3,3,3,16,20,medium,Всички умения,групово
102,Техника на подаване и бързина странично придвижване (около конус),Основна фаза 2,Всички,Кондиция,Всички умения,,Няма данни,3,"Състезатели №2 и №3 до страничната линия взаимодействат в последователност с подаване с две ръце: отгоре, отдолу, с отскок със състезател №1. След всяко подаване състезатели №2 и №3 се придвижват странично, като заобикалят конус на разстояние 1,5 – 2,0м. Диаграма: Трима играчи (1, 2, 3) са разположени в едната половина на игрището. Играч 1 е в центъра на задната линия. Играчи 2 и 3 са до страничната линия, на 1.5-2.0м от нея. Играчи 2 и 3 си подават към играч 1, след което се придвижват странично около конуси, разположени зад тях. Треньор (Т) е до мрежата. Забележка: При допускане на грешка от технически характер треньор подхвърля топка на мястото на сгрешената ситуация за непрекъснатост на действията.",7,Неуточнено,Неуточнено,https://i.imgur.com/XvkzpUV.png,,conditioning,transition,system_play,platform,setter,zone_3,3,3,16,20,high,Всички умения,групово
103,Техника подаване напред и назад през глава след придвижване,"Основна фаза 1,Техническа подготовка",Всички,"Разпределение,Кондиция",Всички умения,,Няма данни,3,"Състезател №1 (зад гърба на състезател №2) стартира с подаване с две ръце отгоре напред (1) на дълга (5-6 метра) и висока топка. В момента на подаване (1) състезател №2 се придвижва и връща топката с подаване през глава назад (2). Състезател №1 повторно подава (3) на дълга топка напред отново на състезател №2, който трябва да е минал зад гърба на състезател №3. Следва същото разиграване без прекъсване на упражнението от двойката състезатели №2 и №3. Диаграма: Трима играчи (1, 2, 3) са разположени в едната половина на игрището. Играч 1 е зад играч 2, който е близо до мрежата. Играч 1 подава (1) дълга и висока топка към играч 2. Играч 2 връща (2) назад през глава към играч 1, който подава (3) дълга топка напред към играч 2 (който се е придвижил зад играч 3). Конус (Т) до мрежата. Забележка: Треньор подхвърля топка на мястото на сгрешената ситуация за непрекъснатост на действията.",5,Неуточнено,Неуточнено,https://i.imgur.com/PpNVEfB.png,,setting;conditioning,transition,system_play,platform,setter,zone_3,3,3,16,20,medium,Всички умения,групово
104,Техника на игра в защита и атака (2-ма състезатели) - 2,Основна фаза 1,По-квалифицирани,"Атака,Защита",Всички умения,"При по-квалифицирани състезатели: Състезател №1 атакува (1) с отскок, състезател №3 след защитно действие (2) извършва странично приземяване в ляво и в дясно. Състезател №2 след подаване (3) пада на лицева опора или извършва друго действие.",Няма данни,3,"Състезател №1 стартира с атакуващ удар (1) към състезател №3, който отразява удара, насочвайки топката вертикално нагоре (2). Следва вдигане от състезател №2 на дълга топка (3) към състезател №1 за подновяване на упражнението без прекъсване. Диаграма: Трима играчи (1, 2, 3) са разположени в едната половина на игрището. Играч 1 атакува (1) от задната линия към играч 3 в предна зона, който отразява топката (2) вертикално. Играч 2 вдига (3) дълга топка към играч 1.",7,Неуточнено,Неуточнено,https://i.imgur.com/tDjSucG.png,,attack;defense,transition,system_play,platform,setter,zone_3,3,3,16,20,high,Всички умения,групово
105,Техника на игра в защита и атака (по странична линия),"Основна фаза 2,Техническа подготовка",Всички,"Атака,Защита",Всички умения,Атакуващият състезател на страничната линия редува в последователност: атака от земя и падане на лицева опора с атака с отскок и странично приземяване.,Няма данни,3,"Състезател от страничната линия атакува (1) към състезател №1, който при първото си действие отразява удара, насочвайки топката вертикално над главата си (2) и след това вдига през глава назад (3) към състезател №2. Следва вдигане на дълга топка (4) от състезател №2, който веднага се придвижва напред и заема мястото на състезател №1 за игра в защита и продължаване на упражнението без прекъсване. Диаграма: Играч от страничната линия атакува (1) към играч 1, който отразява (2) и вдига (3) назад към играч 2. Играч 2 подава (4) дълга топка, придвижвайки се напред. Има ротация между играчи 1 и 2. Конус (Т) е до мрежата.",7,Неуточнено,Неуточнено,https://i.imgur.com/tDjSucG.png,,attack;defense,transition,system_play,platform,setter,zone_3,3,3,16,20,high,Всички умения,групово
106,Техника на игра в защита и атака (смяна на места),"Основна фаза 1,Техническа подготовка",Всички,"Атака,Защита",Всички умения,"Състезател от зона №2 осъществява взаимодействие (1) с атакуващ удар, а състезател в зона №4 играе с два удара, за да даде възможност на играещият в защита състезател да се придвижи навреме в зона №2.",Няма данни,3,"Състезател №3 стартира с подаване (1) към състезател №2 и веднага заема мястото му. Състезател №2 обработва подадената топка над главата си (2) към състезател №1, който е зад гърба му и веднага заема мястото на състезател №3 за продължаване на упражнението. Състезател №1 стои на едно място като вдига високи, дълги топки (3), а състезатели №2 и №3 непрекъснато сменят местата помежду си. Диаграма: Трима играчи (1, 2, 3) са в едната половина на игрището, като 1 и 2 са близо до мрежата, а 3 е отзад. Има подаване (1), обработка (2) и вдигане (3) с постоянна смяна на позиции.",5,Неуточнено,Неуточнено,https://i.imgur.com/MybEkgs.png,,attack;defense,transition,system_play,platform,setter,zone_3,3,3,16,20,medium,Всички умения,групово
107,"Динамични взаимодействия за контрол на топката в защита и атака, бързина на придвижване",Основна фаза 1,Всички,"Атака,Защита,Кондиция",Всички умения,След всяка осъществена атака и контраатака състезатели №1 и №2 си сменят местата и ролите.,Няма данни,3,"Състезател №1 подава (1) към състезател №2, който му вдига (2) топка зад триметровата линия за атака (3). Следва атака по правата (3) на състезател №1, който веднага минава под мрежата в другото поле за вдигане на отразената в защита топка (4) от състезател №3. Взаимодействията се повтарят без прекъсване. Ротацията на състезателите е по указаната схема. Диаграма: Двама играчи (1, 2) в едното поле и един играч (3) в другото поле. Играч 1 подава (1) към играч 2, който вдига (2) за атака (3) на играч 1. Играч 1 атакува (3) и минава под мрежата. Играч 3 посреща (4) топката. Цикълът се повтаря. Конус (Т) е до мрежата.",7,Неуточнено,Неуточнено,https://i.imgur.com/fnEpRVh.png,,attack;defense;conditioning,transition,system_play,platform,setter,zone_3,3,3,16,20,high,Всички умения,групово
108,"Самостоятелен контрол на топката в защита, второ подаване и атака","Основна фаза 2,Техническа подготовка",Всички,"Разпределение,Атака,Защита",Всички умения,,Няма данни,2,"Състезател №1 стартира самостоятелно с подаване (1), насочвайки топката зад триметровата линия. Следва придвижване и вдигане (2) на подходяща по височина топка за атака на мрежата (3) по правата към състезател №3. Същото разиграване с три контакта на топката извършва състезател №3, като първото докосване е защитно действие (1), второто е вдигане (2) и третото атака (3) към състезател №2. Диаграма: Играч №1 е на задната линия. Той подава (1), придвижва се и вдига (2) за атака (3) по права към играч №3, който изпълнява същия цикъл (1-2-3). Забележка: Треньор подхвърля топка на мястото на сгрешената ситуация за непрекъснатост на упражнението.",5,Неуточнено,Неуточнено,https://i.imgur.com/D2VLCTS.png,,setting;attack;defense,transition,system_play,platform,setter,zone_3,3,3,16,20,medium,Всички умения,групово
109,Техника на игра в защита след придвижване (поредица),"Игрова ситуация, Тактика,Техническа подготовка",Всички,Защита,Всички умения,,Няма данни,3,"Състезател №2 стартира от зона №1 като играе в последователност защита връщайки (2, 4, 6, 8) на състезател №1 в зона №3 на: Пусната топка (1) около трети метър в зона №2, подадена дълга топка (3) около 8-9 метър, къса топка (5) около трети метър в зона №4 и атакуващ удар в зона №5. След последното защитно действие (8), състезател №3 се включва автоматично от зона №1 без прекъсване на упражнението за същите взаимодействия със състезател №1. Диаграма: Двама играчи (1 и 2) в едното поле. Играч 2 от зона 1 стартира защита, връщайки топки към играч 1 в зона 3. Топките са с различна траектория и дължина: къса (1) в зона 2, дълга (3) в зона 8-9м, къса (5) в зона 4, атака (7) в зона 5. Забележка: Треньор подхвърля топка на мястото на сгрешената ситуация за непрекъснатост на действията.",7,Неуточнено,Неуточнено,https://i.imgur.com/RUQatjI.png,,defense,transition,system_play,platform,setter,zone_3,3,3,16,20,high,Всички умения,групово
110,"Динамични игрови взаимодействия за контрол на топката в защита, атака и контраатака","Игрова ситуация, Тактика,Техническа подготовка",Всички,"Атака,Преход",Всички умения,След всяка осъществена атака и контраатака състезатели №1 и №2 си сменят местата и ролите.,Няма данни,3,"Състезател №1 взаимодейства (1) със състезател №2, който му вдига (2) топка зад триметровата линия за атака (3). Състезател №3 играе в защита, като насочва (4) директно топката на мрежата за контраатака (5) от състезател №1. Следва повторна игра в защита (6) на състезател №3, който отправя висока и дълга топка директно в другото поле за подновяване на разиграването между двойката състезатели. Диаграма: Трима играчи (1, 2, 3) в едното поле. Играч 1 подава (1) към играч 2, който вдига (2) за атака (3) на играч 1. Играч 3 играе защита (4), насочвайки топката на мрежата за контраатака (5) от играч 1. Следва защита (6) от играч 3, който връща дълга топка в другото поле. Забележка: Треньор подхвърля топка на мястото на сгрешената ситуация за непрекъснатост на действията.",7,Неуточнено,Неуточнено,https://i.imgur.com/knDKij7.png,,attack;transition,transition,system_play,platform,setter,zone_3,3,3,16,20,high,Всички умения,групово
111,Контрол на топката в нападение след взривна и динамична работа с краката,"Игрова ситуация, Тактика,Техническа подготовка",Всички,Атака,Всички умения,,Няма данни,3,"Състезател №1 взаимодейства (1) със състезател №2, който му вдига (2) топка за атака (3) от втора линия. Състезател №3 играе защита, връщайки (4) висока, дълга топка (7-8 метър) директно в другото поле. Непрекъснатост на упражнението до предварително определен брой атаки. Диаграма: Трима играчи (1, 2, 3) са в едното поле. Играч 1 подава (1) към играч 2, който вдига (2) за атака (3) на играч 1. Играч 3 играе защита (4), връщайки висока топка в другото поле. Забележка: Треньор подхвърля топка на мястото на сгрешената ситуация за непрекъснатост на упражнението.",7,Неуточнено,Неуточнено,https://i.imgur.com/GJ8854i.png,,attack,transition,system_play,platform,setter,zone_3,3,3,16,20,high,Всички умения,групово
112,Точност първо и второ подаване в организация на атака при дефицит от време,"Игрова ситуация, Тактика,Техническа подготовка",Всички,"Разпределение,Атака",Всички умения,,Няма данни,3,"Състезатели №1 и №2 си взаимодействат (1, 2), осъществявайки атака (3) зад нападателната линия. Състезател №3 играе защита, като отразява директно дълга топка (4) около 7-8 метър в другото поле. След всяко динамично взаимодействие (посрещане, вдигане и атака) състезатели №1 и №2 си сменят местата и ролите по указаната схема. Диаграма: Трима играчи (1, 2, 3) в едното поле. Играчи 1 и 2 взаимодействат (1, 2), след което играч 1 атакува (3) зад линията. Играч 3 играе защита (4), връщайки дълга топка в другото поле. Конус (Т) е до мрежата. Забележка: Треньор подхвърля топка на мястото на сгрешената ситуация за непрекъснатост на упражнението.",7,Неуточнено,Неуточнено,https://i.imgur.com/VOmhjax.png,,setting;attack,transition,system_play,platform,setter,zone_3,3,3,16,20,high,Всички умения,групово
113,Техника на игра с превключване от едно игрово действие към друго при дефицит от време,"Игрова ситуация, Тактика,Техническа подготовка",Всички,Преход,Всички умения,,Няма данни,4,"Състезател №2 стартира с подаване (1) на висока топка към зона №1. В момента на подаване (1) състезател №1 спринтира и насочва топката (2) към състезател №3 в зона №4, който атакува (3) по правата в зона №5 отново към състезател №1 за защитно действие (4). Състезател №3 веднага спринтира към зона №2 за автоматично подновяване на същото разиграване със състезател №2. Диаграма: Четири играча (1, 2, 3, 4) в едното поле. Играч 2 подава (1) към зона 1. Играч 1 спринтира и насочва (2) към играч 3, който атакува (3) към зона 5. Играч 1 защитава (4). Играч 3 спринтира към зона 2 за ротация. Конус (Т) е до мрежата. Забележка: При допускане на грешка от технически характер треньор подхвърля топка на мястото на сгрешената ситуация за непрекъснатост на действията.",7,Неуточнено,Неуточнено,https://i.imgur.com/doehE8M.png,,transition,transition,system_play,platform,setter,zone_3,3,3,16,20,high,Всички умения,групово
114,Усъвършенстване на техника в атака и защита (комплекс от взаимодействия),"Игрова ситуация, Тактика,Техническа подготовка",Всички,"Атака,Защита",Всички умения,,Няма данни,6 или повече,"Състезател №1 от поле А взаимодейства (1) със състезател №2, който му вдига (2) топка за атака (3) по диагонала. Състезател №6 от поле Б със защитно действие (4) насочва топката към състезател №5, който вдига (5) в зона №2 топка за атака (6) на състезател №4 по диагонала. Следва защитно действие (7) от състезател №3, вдигане (8) от придвижилия се състезател №1 и атака (9) от зона №2 отново по диагонала. Игровата верига се затваря със защитно действие (10) от състезател №5, вдигане (11) от състезател №4 и атака по диагонал (12) към състезател №2, който е заел мястото на състезател №1 в зона №4 от поле А. Диаграма: Комплексна схема с множество играчи (1-6) в двете полета (А и Б), разположени в различни зони. Топките се движат по сложни траектории между тях, включвайки подавания, вдигания, атаки и защитни действия, с преминаване на мрежата. Конус (Т) е до мрежата. Забележка: След всяка атака по диагонал, вдигащият и атакуващият състезател сменят местата си (виж поле А)!",7,Неуточнено,Неуточнено,https://i.imgur.com/sWcVIMl.png,,attack;defense,transition,system_play,platform,setter,zone_3,3,3,16,20,high,Всички умения,игрово
116,"Техника на подаване, бързина на придвижване, комуникативност, периферно зрение (Колони, прави/диагонал)","Игрова ситуация, Тактика,Техническа подготовка",Всички,"Кондиция,Разпределение",Всички умения,Подаването през мрежата се осъществява по диагонал. Подаване с четири топки едновременно (по една топка във всяка колона) – за по-квалифицирани състезатели.,Няма данни,8+ (колони от по 2+ играча),"Състезателите са в колони в зони №2 и №4 на двете полета. Стартират едновременно с подаване по правата с две ръце (отгоре, отдолу, странично, с отскок). Смяна на местата на състезателите в собственото поле. Диаграма: Две игрища са показани едно до друго. Ляво игрище: Четири колони играчи (C) са разположени в зони 2 и 4 на двете полета. Има стрелки, показващи подаване по права линия и движение в кръг в колоните. Дясно игрище: Четири колони играчи (C) са разположени в зони 2 и 4 на двете полета. Има стрелки, показващи подаване по диагонална линия и движение в кръг в колоните.",5,Неуточнено,Неуточнено,https://i.imgur.com/sa9qpZR.png,,conditioning;setting,transition,system_play,platform,setter,zone_3,3,3,16,20,medium,Всички умения,групово
117,"Усъвършенстване на подаването, бързина на придвижване, периферно зрение, комуникативност (Колони, прави/диагонал над мрежа)","Игрова ситуация, Тактика,Техническа подготовка",Всички,"Кондиция,Разпределение",Всички умения,Подаването през мрежата се осъществява по диагонал. Подаване с четири топки едновременно (по една топка във всяка колона) – за по-квалифицирани състезатели.,Няма данни,8+ (колони от по 2+ играча),"Състезателите са в колони в зони №2 и №4 на двете полета. Стартират едновременно с подаване по правата с две ръце (отгоре, отдолу, странично, с отскок). Смяна на местата на състезателите в срещуположното поле. Диаграма: Две игрища са показани едно до друго. Ляво игрище: Четири колони играчи (C) са разположени в зони 2 и 4 на двете полета. Има стрелки, показващи подаване по диагонал над мрежата. Дясно игрище: Четири колони играчи (C) са разположени в зони 2 и 4 на двете полета. Има стрелки, показващи подаване по права над мрежата и ротация в колоните. Конус (Т) е до мрежата.",5,Неуточнено,Неуточнено,https://i.imgur.com/Z0ryrL1.png,,conditioning;setting,transition,system_play,platform,setter,zone_3,3,3,16,20,medium,Всички умения,групово
118,"Техника на подаване, бързина на придвижване (5+ състезатели)","Игрова ситуация, Тактика,Техническа подготовка",Всички,"Кондиция,Атака",Всички умения,Състезатели до мрежата прилагат действие (2 и 4) с контролиран атакуващ удар.,Няма данни,5 или повече,"Упражнението е за пет и повече състезатели. Взаимодействието между състезателите е с подаване с две ръце напред (отгоре, отдолу, странично, с отскок). Всички състезатели се придвижват като следват посоката на движение на топката. Диаграма: Две игрища са показани едно до друго. Ляво игрище: Играчи (C) са разположени в зони 1, 4 и 5. Топката се подава по диагонал между зони 1 и 4, и между зони 4 и 5. Има и стрелки за ротация в колоните. Дясно игрище: Играчи (C) са разположени в зони 1, 2 и 5. Топката се подава по диагонал между зони 1 и 2, и между зони 2 и 5. Има и стрелки за ротация в колоните.",5,Неуточнено,Неуточнено,https://i.imgur.com/sa9qpZR.png,,conditioning;attack,transition,system_play,platform,setter,zone_3,3,3,16,20,medium,Всички умения,игрово
119,"Точност подаване и бързина на придвижване, синхрон и комуникативност при изграждане на двоен блок","Игрова ситуация, Тактика,Техническа подготовка",Всички,"Блок,Кондиция",Всички умения,Подаването е по диагонал над мрежата (от зона №4 на поле А към зона №4 на поле Б).,Няма данни,4 (две двойки),"Състезатели №1 и №2 от поле А стартират едновременно след звуков сигнал от треньор подаване по правата над мрежата в поле Б. След подаването състезателите се придвижват в зона №3 за изграждане на двоен блок в синхрон, след което се изтеглят докосвайки с ръка крайната линия в зона №6, като се нареждат обратно в своята колона за продължаване на упражнението. Следват същите взаимодействия от поле Б на двойката състезатели №3 и №4. Диаграма: Две двойки играчи (1, 2 и 3, 4) са в колони в двете полета. Играчи 1 и 2 подават (1) над мрежата към противниковото поле, след което се придвижват бързо за двоен блок в зона 3, изтеглят се до крайната линия и се връщат в колоната си. Конус (Т) е до мрежата.",7,Неуточнено,Неуточнено,https://i.imgur.com/w9Mck7K.png,,block;conditioning,transition,system_play,platform,setter,zone_3,3,3,16,20,high,Всички умения,групово
200,Долен сервис — въвеждане,Техническа подготовка,Начинаещ,Сервис,Усвояване на долния сервис (задължителен до U14).,"Цел: стабилен долен сервис. Подредба: играчите на 3 м от мрежата, лице към посоката на удара, тяло леко наклонено напред, тежест върху предния крак (срещуположен на удрящата ръка), топката в неудрящата ръка пред дясното рамо. Обяснение: махово движение на изпънатата ръка отзад-напред-нагоре; ударът е по долната част на топката с длан. Етапи: 10 удара с придружаване на топката, после 10 с отделяне от ръката; при сигурност отдръпване на 6 м и 9 м. Ключови точки: изпъната удряща ръка, поглед в топката, крачка напред след удара. Чести грешки: свита ръка, твърде високо подхвърляне, гледане в целта вместо в топката. Прогресия: 3 м -> 6 м -> 9 м.",Олекотяване: по-близо до мрежата или по-лека топка. Утежняване: от лицевата линия с цел в зона.,6-12,"Топки, Мрежа",3,10,20,/static/drills/serve_underhand_intro.svg,,serve,serve,,serve,,zone_1;zone_6,1,1,10,14,low,Усвояване на долния сервис (задължителен до U14).,групово
201,Долен сервис — точност по зони,Техническа подготовка,Всички нива,Сервис,Контрол на посока и дълбочина при долен сервис.,"Цел: насочване в зони. Подредба: сервиращи на лицевата линия, на отсрещното поле маркирани зони (1, 6, 5) с конуси или постелки. Обяснение: всеки изпълнява серия от 10 сервиса, като обявява зоната преди удара; редуват се къс и дълъг сервис; точкуване по попадение. Ключови точки: еднакъв замах при различна цел, разлика къс или дълъг само чрез точката на удар, не чрез сила. Чести грешки: промяна на техниката при смяна на целта. Прогресия: от широки към тесни зони.",Олекотяване: големи зони. Утежняване: попадение между две цели.,6-12,"Топки, Мрежа, Конуси",3,10,20,/static/drills/serve_underhand_zones.svg,,serve,serve,,serve,,zone_1;zone_6,2,2,11,14,low,Контрол на посока и дълбочина при долен сервис.,групово
202,Горен (тенис) сервис — техника до стена,Техническа подготовка,Средно напреднали,Сервис,Изграждане на горния сервис чрез изолирани фази.,"Цел: координация подхвърляне-удар при горен сервис. Подредба: играчи на 4-5 м от стена с топка. Обяснение: първо движение без топка (стойка, подхвърляне, удар), после удар в стената; самоподхвърляне перпендикулярно на пода, удар с отворена длан над и пред рамото. Ключови точки: подхвърляне пред удрящото рамо на постоянна височина, изпъната ръка, движение на тялото напред след удара. Чести грешки: ниско или неравномерно подхвърляне, удар встрани от центъра. Прогресия: без топка -> в стена -> през мрежа.",Олекотяване: удар от място без сила. Утежняване: през мрежа с цел.,6-12,"Топки, Стена",4,10,20,/static/drills/serve_tennis_wall.svg,,serve,serve,,serve,,zone_1;zone_6,2,2,13,16,medium,Изграждане на горния сервис чрез изолирани фази.,групово
203,Горен флоатинг сервис — траектория и зони,Техническа подготовка,Напреднали,Сервис,"Плаващ (флоатинг) сервис без ротация, в зони.","Цел: плаващ сервис, който затруднява посрещането. Подредба: сервиращи на лицевата линия, цели в дясна и лява половина и по дълбочина. Обяснение: удар в центъра на топката с плоска длан, без китково завъртане, рязко спиране на ръката за мъртва топка; редуват се дълбочина и страни. Ключови точки: удар точно по центъра (без ротация), кратко спиращо движение, поглед в зоната. Чести грешки: завъртане на китката (дава ротация), премного сила за сметка на контрол. Прогресия: контрол -> дълбочина -> ъгли.",Олекотяване: по-близо до линията. Утежняване: цел в коридор между две зони.,6-12,"Топки, Мрежа",5,10,20,/static/drills/serve_float.svg,,serve,serve,,serve,,zone_1;zone_6,2,2,14,18,medium,"Плаващ (флоатинг) сервис без ротация, в зони.",групово
204,Горен ротационен (топ-спин) сервис,Техническа подготовка,Напреднали,Сервис,Сервис с предна ротация за висока точност по зони.,"Цел: ротационен сервис с проникваща траектория. Подредба: от лицевата линия. Обяснение: ударът е под линията на екватора, с обвиване на горната половина на топката чрез силно китково движение и свиване на корема; кривата на полета е ясно изразена. Ключови точки: импулс извън центъра на тежестта за ротация, обвиване на топката, контракция на корема. Чести грешки: удар по центъра (без ефект), липса на китка. Прогресия: от място -> с крачка -> форсиран по зона.",Олекотяване: по-меко изпълнение за усещане на ротацията. Утежняване: ротационен по дълбока зона.,6-12,"Топки, Мрежа",6,10,20,/static/drills/serve_topspin.svg,,serve,serve,,serve,,zone_1;zone_6,3,3,15,18,medium,Сервис с предна ротация за висока точност по зони.,групово
205,Скочен сервис — въвеждане,Техническа подготовка,Напреднали,Сервис,Въвеждане на скочния сервис по фази.,"Цел: скочен сервис (максимална мощ). Подредба: рекорса от 3-4 м зад лицевата линия. Обяснение: фази — подхвърляне напред и високо (удар във фазата на спадане), рекорса десен-ляв крак, двукрачен отскок без настъпване на линията, удар в най-високата точка с обвиване. Ключови точки: ритъм на рекорсата, отскок след подхвърлянето, удар над рамото. Чести грешки: подхвърляне твърде близо или назад, ранен отскок, настъпване на линията. Прогресия: имитация без топка -> подхвърляне и удар от място -> пълен скочен.",Олекотяване: скочен флоатинг без рекорса. Утежняване: скочен по обявена зона.,6-10,"Топки, Мрежа",7,10,20,/static/drills/serve_jump_intro.svg,,serve,serve,,serve,,zone_1;zone_6,3,3,16,18,high,Въвеждане на скочния сервис по фази.,групово
206,Сервис серии под ритъм и натиск,Игрова ситуация,Средно напреднали,Сервис,Автоматизация и психическа устойчивост при сервис.,"Цел: стабилен процент под натиск. Подредба: 2 сервиращи плюс помощници за връщане на топки (без прекъсване). Обяснение: серии последователни сервиси с темпо около 40 в минута (хронометър); отчита се процент успеваемост; въвежда се натиск (последен сервис за точка, наказание при грешка). Ключови точки: постоянна предсервисна рутина, дишане, еднакъв ритъм. Чести грешки: ускоряване при умора, пропускане на рутината. Прогресия: брой -> процент -> форма на състезание.",Олекотяване: без хронометър. Утежняване: сервис за мач-точка.,4-12,"Топки, Мрежа",6,10,20,/static/drills/serve_series_pressure.svg,,serve,serve,,serve,,zone_1;zone_6,2,2,14,18,high,Автоматизация и психическа устойчивост при сервис.,игрово
207,Сервис — намиране на критичната дистанция,Техническа подготовка,Напреднали,Сервис,Индивидуализиране на оптималната дистанция за сервис.,"Цел: всеки играч да открие личната си оптимална дистанция. Подредба: сервиращ започва близо до лицевата линия и се отдръпва прогресивно. Обяснение: на всяка позиция серия сервиси; когато процентът спадне рязко, се връща на предишната позиция — това е оптималната дистанция; записва се за всеки играч. Ключови точки: достатъчно дълги серии за надеждна оценка, обективно отчитане. Чести грешки: твърде кратки серии, субективна преценка. Прогресия: повтаряне при подобрена сила и координация.","Олекотяване: само две дистанции за сравнение. Утежняване: тест и за флоатинг, и за ротационен.",6-12,"Топки, Мрежа",5,10,20,/static/drills/serve_seam.svg,,serve,serve,,serve,,zone_1;zone_6,2,2,15,18,medium,Индивидуализиране на оптималната дистанция за сервис.,групово
208,Сервис по слаба зона или играч — базова тактика,Техническа подготовка,Напреднали,Сервис,Въвеждане на тактически сервис (по човек или по зона).,"Цел: целенасочен сервис към слабост на противника. Подредба: посрещащи в ротация на отсрещното поле, един обозначен като слаб. Обяснение: сервиращите атакуват слабия посрещач или свободната зона (зона на размяна, играч в първа линия преди атака); отчита се ефектът върху посрещането, не само директна точка. Ключови точки: четене на разположението, сервис в зона на размяна или движение, междинна цел вместо риск. Чести грешки: само максимална сила, игнориране на разположението. Прогресия: по човек -> по зона -> по разпределителя.",Олекотяване: статична цел. Утежняване: ротиращи посрещачи и точкуване по качество на посрещането.,8-12,"Топки, Мрежа",6,10,20,/static/drills/serve_target_weak.svg,,serve,serve,target_serve,serve,,zone_1;zone_6,3,3,15,18,medium,Въвеждане на тактически сервис (по човек или по зона).,групово
209,Платформа за посрещане — основи,Техническа подготовка,Начинаещ,Посрещане,Изграждане на стабилна платформа (долно посрещане).,"Цел: правилна платформа за посрещане. Подредба: по двойки, единият подава лесна топка, другият посреща от място. Обяснение: предмишниците са супинирани (обърнати нагоре) за широка отскачаща повърхност, раменете напред, лактите изпънати, топката далеч от тялото; водене на топката към целта чрез раменете, не чрез замах с ръце. Ключови точки: контакт върху предмишниците, изпънати лакти, топка пред тялото, насочване с рамене. Чести грешки: свити лакти близо до тялото, замах с ръце, контакт твърде близо до тялото. Прогресия: от място -> с лека крачка -> по-силна подадена топка.",Олекотяване: подаване на дъга в ръцете. Утежняване: подаване с промяна на височина.,6-12,Топки,3,10,20,/static/drills/recv_platform_basics.svg,,reception,reception,,platform,,zone_5;zone_6;zone_1,1,1,11,14,low,Изграждане на стабилна платформа (долно посрещане).,групово
210,Посрещане с придвижване — 2 крачки,Техническа подготовка,Всички нива,Посрещане,Четене на траекторията и придвижване преди контакта.,"Цел: навременно придвижване до топката. Подредба: подаващ или сервиращ насочва топката наляво или надясно от посрещача. Обяснение: оценка първо на страничната съставка (ляво или дясно), после на дълбочината (късо или дълго); придвижване с до 2 крачки до равновесна позиция преди контакта, тялото зад топката. Ключови точки: ранно четене на траекторията, крака преди ръце, спиране и стабилизиране преди контакта. Чести грешки: посрещане в движение, късно тръгване, кръстосване на крака. Прогресия: подадена топка -> лек сервис -> по-бърз сервис.","Олекотяване: бавна, предсказуема топка. Утежняване: посрещач не знае посоката предварително.",6-12,"Топки, Мрежа",4,10,20,/static/drills/recv_footwork_2steps.svg,,reception,reception,,platform,,zone_5;zone_6;zone_1,2,2,12,15,medium,Четене на траекторията и придвижване преди контакта.,групово
211,Посрещане късо и дълго,Техническа подготовка,Всички нива,Посрещане,Контрол на дълбочината при посрещане.,"Цел: справяне с къси и дълги сервиси. Подредба: посрещач започва централно; сервиращ редува къс (пред него) и дълъг (зад него) сервис. Обяснение: при къса топка излизане напред с нисък център на тежестта; при дълга — отстъпване и снишаване зад топката; целта (вдигача в зона 2-3) се запазва постоянна. Ключови точки: движение към топката с тяло зад нея, постоянна цел независимо от дълбочината. Чести грешки: посрещане на пети при дълга топка, високо тяло при къса. Прогресия: обявена дълбочина -> случайна дълбочина.",Олекотяване: само две фиксирани дистанции. Утежняване: добавяне на странична компонента.,6-12,"Топки, Мрежа",4,10,20,/static/drills/recv_short_long.svg,,reception,reception,,platform,,zone_5;zone_6;zone_1,2,2,13,16,medium,Контрол на дълбочината при посрещане.,групово
212,Странично посрещане,Техническа подготовка,Средно напреднали,Посрещане,Странична техника на посрещане без загуба на цел.,"Цел: посрещане на странична топка с правилна ориентация. Подредба: дълъг и страничен сервис в зона 5 и 1. Обяснение: ударът е отстрани на предния крак и пред задния, с наклон на раменете (по-нисичко вътрешното рамо към посоката на топката); тялото е ориентирано към целта, не към сервиращия, иначе топката влиза косо в платформата. Ключови точки: контакт в конуса на краката с тяло към целта, наклон на раменете при много дълъг сервис. Чести грешки: фронтално ориентиране към сервиращия, плоска платформа без наклон. Прогресия: статична зона -> придвижване между 5, 6 и 1.",Олекотяване: по-висока бавна топка. Утежняване: 3 последователни топки в различни зони.,6-12,"Топки, Мрежа",4,10,20,/static/drills/recv_lateral.svg,,reception,reception,,platform,,zone_5;zone_6;zone_1,2,2,14,17,medium,Странична техника на посрещане без загуба на цел.,групово
213,Посрещане по двойки — зони на отговорност,Техническа подготовка,Средно напреднали,Посрещане,Разпределяне на отговорност и комуникация при посрещане.,"Цел: ясни зони и извикване между двама посрещачи. Подредба: двама посрещачи делят полето; сервис в граничната зона между тях. Обяснение: този, който поема, извиква рано (моя!); другият отстъпва зад него за подсигуряване; разделят отговорност за къси и дълги топки. Ключови точки: ранно извикване, един поема, друг подсигурява, без двоумене в средата. Чести грешки: мълчание, двама тръгват към една топка, сблъсък. Прогресия: фиксирани зони -> размяна на зони след всяка топка.",Олекотяване: ясна граница с маркировка. Утежняване: сервис нарочно по средата.,6-12,"Топки, Мрежа",4,10,20,/static/drills/recv_pairs_zones.svg,,reception,reception,,platform,,zone_5;zone_6;zone_1,2,2,13,17,medium,Разпределяне на отговорност и комуникация при посрещане.,групово
214,Посрещане към разпределителя (R5/R1),Техническа подготовка,Средно напреднали,Посрещане,Свързване посрещане-вдигане в реална ротация.,"Цел: точно посрещане към зоната на вдигача. Подредба: R5 и R1 в зони 5 и 1 готови да посрещат. Обяснение: щом тръгне сервисът, който не посреща, изтичва към мрежата и вдига на посрещналия съотборник; после двамата се връщат в опашката, разменяйки зоните за следващото посрещане; друга двойка влиза. Ключови точки: посрещане в зона 2-3 на постоянна височина, бързо излизане на неполучаващия към мрежата. Чести грешки: ниско или непостоянно посрещане, късно излизане на втория играч. Прогресия: подаване -> сервис -> сервис плюс завършваща атака.",Олекотяване: треньорът хвърля вместо сервис. Утежняване: добавяне на блок след атаката.,6-12,"Топки, Мрежа",5,10,20,/static/drills/recv_to_setter.svg,,reception,reception,,platform,,zone_5;zone_6;zone_1,2,2,13,18,medium,Свързване посрещане-вдигане в реална ротация.,групово
215,Посрещане плюс атака (свързване),Игрова ситуация,Напреднали,Посрещане,Цялостна верига посрещане-вдигане-атака.,"Цел: качествено посрещане, което позволява организирана атака. Подредба: двама посрещачи в зони 4 и 5; сервис къс на единия или дълъг на другия. Обяснение: неполучаващият изтичва, вдига на получилия, който атакува по права на защитника, изпълнил сервиса; повтаряне и от другата половина с играчите от зони 2 и 1. Ключови точки: посрещане, което улеснява вдигача, навременна рекорса за атака, точност на удара. Чести грешки: посрещане далеч от мрежата, бавно превключване към атака. Прогресия: атака само по права -> свободен избор -> срещу блок.",Олекотяване: вдигане от треньор. Утежняване: добавяне на блок и защита.,6-12,"Топки, Мрежа",6,10,20,/static/drills/recv_plus_attack.svg,,reception,reception,,platform,,zone_5;zone_6;zone_1,3,3,14,18,medium,Цялостна верига посрещане-вдигане-атака.,игрово
216,Посрещане на ефективност (игрова форма),Игрова ситуация,Средно напреднали,Посрещане,Посрещане под точкуване и натиск.,"Цел: висок процент позитивно посрещане в състезателна форма. Подредба: отбор сервиращи срещу отбор посрещачи. Обяснение: всяко посрещане се оценява (перфектно, позитивно, лошо, грешка); сервис и посрещане се състезават с размяна на местата или наказания; серии от 10 дават ясна картина на процента. Ключови точки: стабилна платформа под напрежение, ранна реакция, концентрация в серия. Чести грешки: спад при умора, бързане. Прогресия: без точкуване -> с точкуване -> с наказания.",Олекотяване: само отчитане без състезание. Утежняване: серия само силни сервиси.,6-12,"Топки, Мрежа",5,10,20,/static/drills/recv_efficiency_game.svg,,reception,reception,,platform,,zone_5;zone_6;zone_1,2,2,14,18,medium,Посрещане под точкуване и натиск.,игрово
217,Посрещане на флоатинг срещу ротационен сервис,Техническа подготовка,Напреднали,Посрещане,Разчитане на различни типове сервис.,"Цел: адаптиране на посрещането спрямо типа сервис. Подредба: сервиращи редуват флоатинг и ротационен сервис; посрещачите не знаят кой следва. Обяснение: при флоатинг — ранно тръгване и стабилна платформа заради нестабилната траектория; при ротационен — четене на ясната крива и омекотяване на контакта; поглед в топката от момента на удара. Ключови точки: ранно четене на типа, различен контакт за флоатинг и ротационен. Чести грешки: еднакъв подход към двата типа, късно разпознаване. Прогресия: обявен тип -> случаен тип -> в ротация.",Олекотяване: само един тип за серия. Утежняване: добавяне на странична посока.,6-12,"Топки, Мрежа",5,10,20,/static/drills/recv_float_vs_topspin.svg,,reception,reception,,platform,,zone_5;zone_6;zone_1,3,3,15,18,medium,Разчитане на различни типове сервис.,групово
218,Блок — стойка и ръце над мрежата,Техническа подготовка,Начинаещ,Блок,Основна блок-стойка и проникване на ръцете.,"Цел: правилна изходна стойка и поставяне на ръцете при блок. Подредба: играчи до мрежата, ръце пред гърдите, длани отворени. Обяснение: стъпала на ширината на раменете, колене леко свити; ръцете се изнасят над мрежата с проникване към отсрещното поле (не нагоре), палци нагоре, длани широко разтворени и стегнати; без докосване на мрежата. Ключови точки: проникване над мрежата, стегнати длани, поглед в топката и ръцете на нападателя. Чести грешки: ръце само нагоре без проникване, отпуснати длани, докосване на мрежата. Прогресия: имитация от място -> над подадена статична топка -> с лек отскок.","Олекотяване: без отскок, само ръце. Утежняване: блок над хвърлена от треньора топка над мрежата.",6-12,"Топки, Мрежа",3,10,20,/static/drills/block_stance_hands.svg,,block,block,,block,,zone_2;zone_3;zone_4,1,1,12,15,low,Основна блок-стойка и проникване на ръцете.,групово
219,Блок — отскок и приземяване на място,Техническа подготовка,Всички нива,Блок,Тайминг на отскока и контролирано приземяване.,"Цел: вертикален блок-отскок с тайминг. Подредба: блокиращ срещу нападател или треньор, който удря над мрежата. Обяснение: от полусвити колене вертикален отскок без придвижване напред, ръцете проникват в момента на удара (леко след отскока на нападателя), приземяване на същото място с омекотяване. Ключови точки: вертикален отскок (не към мрежата), тайминг малко след нападателя, меко приземяване на двата крака. Чести грешки: ранен отскок, движение към мрежата (докосване), приземяване на пети. Прогресия: над статична топка -> над лек удар -> над реална атака.",Олекотяване: топка държана над мрежата. Утежняване: непредвидим момент на удара.,6-12,"Топки, Мрежа",5,10,20,/static/drills/block_jump_land.svg,,block,block,,block,,zone_2;zone_3;zone_4,2,2,12,16,medium,Тайминг на отскока и контролирано приземяване.,групово
220,Блок — странично преместване (3 крачки),Техническа подготовка,Средно напреднали,Блок,Придвижване по мрежата и блок след стъпки.,"Цел: бързо преместване до зоната на атака и балансиран блок. Подредба: блокиращ започва в зона 3, премества се към зона 2 или 4. Обяснение: техника с приставяне или кросстеп (3 крачки) с лице успоредно на мрежата, спиране и балансиране преди отскока, ръцете остават готови; отскок едва след стабилизиране. Ключови точки: успоредно тяло на мрежата, спиране преди скока, без завъртане на раменете. Чести грешки: отскок в движение, завъртане към мрежата, дисбаланс при приземяване. Прогресия: без топка -> до подадена топка -> срещу реален нападател.","Олекотяване: бавно темпо, 2 крачки. Утежняване: сигнал коя зона в последния момент.",6-12,"Топки, Мрежа",5,10,20,/static/drills/block_lateral_3steps.svg,,block,block,,block,,zone_2;zone_3;zone_4,2,2,13,17,medium,Придвижване по мрежата и блок след стъпки.,групово
221,Двоен блок — синхрон в зона 3,Техническа подготовка,Напреднали,Блок,Синхронизиран двоен блок без процеп.,"Цел: затворен двоен блок без дупка между ръцете. Подредба: централен и краен блокиращ срещу нападател в зона 4 или 2. Обяснение: крайният блокиращ определя момента и мястото, централният се присъединява и затваря процепа; вътрешните ръце се обръщат навътре за плътна стена; едновременен отскок и проникване. Ключови точки: краен задава, централен затваря, без процеп между ръцете, едновременност. Чести грешки: разсинхрон, процеп между блокиращите, централният закъснява. Прогресия: от място двама -> с преместване -> срещу реална комбинация.",Олекотяване: статична висока топка. Утежняване: вдигане с избор на зона.,6-12,"Топки, Мрежа",6,10,20,/static/drills/block_double_z3.svg,,block,block,,block,,zone_2;zone_3;zone_4,3,3,14,18,medium,Синхронизиран двоен блок без процеп.,групово
222,Блок — четене на разпределителя и нападателя,Техническа подготовка,Напреднали,Блок,Анализ на подсказките преди скока.,"Цел: навременно позициониране чрез четене. Подредба: блокиращи срещу разпределител и няколко нападатели. Обяснение: поглед в последователност — посрещане, ръце и тяло на разпределителя, после рекорсата на нападателя; блокиращият тръгва спрямо посоката на вдигането, не спрямо финта; реакция върху подсказките, а не върху топката със закъснение. Ключови точки: последователност на погледа (топка, вдигач, нападател), ранно решение по подсказки. Чести грешки: гледане само в топката, късна реакция, подвеждане от тялото на вдигача. Прогресия: бавно вдигане -> нормално темпо -> с фалшиви подсказки.",Олекотяване: вдигачът обявява зоната. Утежняване: бързо вдигане с първо темпо.,6-12,"Топки, Мрежа",5,10,20,/static/drills/block_read.svg,,block,block,,block,,zone_2;zone_3;zone_4,3,3,15,18,medium,Анализ на подсказките преди скока.,групово
223,Блок-защита взаимодействие,Игрова ситуация,Напреднали,Блок,Съгласуване между блок и поле в защита.,"Цел: блокът и защитата да покриват полето като система. Подредба: двоен блок плюс защитници в поле срещу нападение. Обяснение: блокът затваря определена посока (например диагонала), защитата покрива откритата зона и зад блока; защитниците заемат позиция спрямо това какво затваря блокът; играе се до приключване на разиграването. Ключови точки: блокът диктува зоните за защита, защитниците спрямо блока, покритие зад блока за финтове. Чести грешки: блок и защита покриват едно и също, открита зона зад блока. Прогресия: фиксирана посока на блока -> блокът избира -> пълно разиграване с контраатака.",Олекотяване: атака по обявена посока. Утежняване: добавяне на финтове и пласмани.,8-12,"Топки, Мрежа",6,10,20,/static/drills/block_defense_link.svg,,block,block,block_defense,block,,zone_2;zone_3;zone_4,3,3,15,18,medium,Съгласуване между блок и поле в защита.,игрово
224,Блок срещу темпо (бърза атака),Техническа подготовка,Напреднали,Блок,Блок срещу първо темпо и бързи комбинации.,"Цел: навременен блок срещу бърза атака. Подредба: централен блокиращ срещу първо темпо в зона 3. Обяснение: блокиращият тръгва с вдигането, скача почти едновременно с нападателя при първо темпо (не след него), ръцете са вече готови над гърдите за бързо проникване; четене на връзката разпределител-център. Ключови точки: едновременен скок с нападателя при темпо, ръце предварително високо, кратък замах. Чести грешки: закъснял скок (както при висока топка), нисък старт на ръцете. Прогресия: само първо темпо -> темпо плюс крило (избор) -> срещу комбинация.",Олекотяване: по-високо и по-бавно първо темпо. Утежняване: комбинация с примамка.,6-12,"Топки, Мрежа",7,10,20,/static/drills/block_vs_tempo.svg,,block,block,,block,,zone_2;zone_3;zone_4,3,3,16,18,high,Блок срещу първо темпо и бързи комбинации.,групово
225,Блок над хвърлена топка — въвеждане за малки,Техническа подготовка,Начинаещ,Блок,Първи досег с блока в безопасна форма.,"Цел: усещане за блок без сложна координация. Подредба: треньор или съотборник държи или хвърля топка точно над мрежата; малкият играч блокира. Обяснение: фокус само върху проникването на ръцете и мекото приземяване; нисък брой повторения с висок успех за изграждане на увереност; постепенно от държана към леко хвърлена топка. Ключови точки: ръце над мрежата, поглед в топката, меко приземяване, без страх от мрежата. Чести грешки: дърпане на ръцете назад, затваряне на очите, докосване на мрежата. Прогресия: държана топка -> бавно хвърлена -> лек удар.","Олекотяване: по-ниска мрежа, държана топка. Утежняване: лек удар с непредвидим момент.",6-12,"Топки, Мрежа",3,10,20,/static/drills/block_held_ball_intro.svg,,block,block,,block,,zone_2;zone_3;zone_4,1,1,12,14,low,Първи досег с блока в безопасна форма.,групово
226,Разпределение: изход към целта и пас към зона 4,Техническа подготовка,Средно напреднали,Разпределение,Точен изход към топката и висок пас към зона 4.,"Цел: стабилен изход и точен висок пас към крилния нападател в зона 4. Подредба: разпределителят стартира между зони 2 и 3 при мрежата; треньор подава от зона 1. Обяснение: разпределителят чете подаването, прави бърз изход с лице към зона 4, спира балансирано преди контакта и подава висока топка над антената; ръцете завършват към целта. Ключови точки: ранен изход преди топката, рамене към зона 4, контакт над челото, висок завършек. Чести грешки: късен изход и пас в движение, отваряне на тялото назад, нисък контакт пред гърдите. Прогресия: от подадена топка от треньор към пас след посрещане; после с реален нападател и темпо.",Олекотяване: по-близо до мрежата и по-висок пас. Утежняване: по-бързо подаване и пас веднага след придвижване.,2-6,"Топки, Мрежа",4,10,20,/static/drills/setter_exit_to_z4.svg,,setting,side_out,,setting,setter,zone_3;zone_4,2,2,12,16,medium,Точен изход и висок пас към зона 4.,групово
227,Разпределение: висок пас с гръб към зона 2,Техническа подготовка,Средно напреднали,Разпределение,Контролиран пас назад към зона 2.,"Цел: усвояване на висок пас с гръб (back set) към десния край. Подредба: разпределителят е под мрежата с лице към зона 4; нападател в зона 2; подаване отзад. Обяснение: играчът се намества точно под топката, изпъва ръце нагоре-назад и леко прогъва гръб, без да изхвърля топката встрани; траекторията огледално повтаря предния пас. Ключови точки: топка точно над главата, симетрично изпъване нагоре-назад, поглед напред, стабилни крака. Чести грешки: избутване встрани, прекомерно прогъване в кръста, изпускане зад антената. Прогресия: от държана топка към подадена; после след посрещане и с темпо.",Олекотяване: по-висока и близка до мрежата топка. Утежняване: редуване преден/заден пас по сигнал.,2-6,"Топки, Мрежа",4,10,20,/static/drills/setter_backset_z2.svg,,setting,side_out,,setting,setter,zone_2,2,2,13,18,medium,Контролиран пас назад към зона 2.,групово
228,Разпределение: пас на точност по двойки,Техническа подготовка,Начинаещ,Разпределение,Постоянна височина и точност на паса.,"Цел: изграждане на стабилна техника на горен пас към фиксирана цел. Подредба: двама играчи един срещу друг; очертана цел (обръч/маркер) на височина за нападение. Обяснение: всеки пас минава през целевата зона с еднаква височина; работа върху форма на ръцете, изпъване на крака-ръце и поглед в топката; броим успешни последователни пасове. Ключови точки: ръце-кошничка над челото, изпъване от краката, мек контакт, еднаква траектория. Чести грешки: пляскане по топката, ниски лакти, променлива височина, контакт пред лицето. Прогресия: на място към движение; после увеличаваме разстоянието и височината на целта.",Олекотяване: по-голяма цел и по-малко разстояние. Утежняване: след всеки пас клек или завъртане 360 градуса.,2-12,"Топки, Обръчи",3,8,15,/static/drills/setter_pairs_accuracy.svg,,setting,side_out,,setting,setter,zone_3,1,1,10,14,low,Постоянна височина и точност на паса.,по двойки
229,Разпределение: бърз пас към център (темпо),Техническа подготовка,Напреднали,Разпределение,Бърз и нисък пас със синхрон към центъра.,"Цел: усвояване на бързо първо темпо към централния нападател. Подредба: разпределител при зона 2-3, централен нападател до него; подаване от зона 1. Обяснение: пасът е по-плосък и бърз, точно пред центъра, който вече е във въздуха; ключът е синхронът разпределител-център и стабилните ръце при бързия контакт. Ключови точки: бърз изход, плоска траектория пред центъра, ранен старт на нападателя, тих контакт. Чести грешки: висок бавен пас, късен подскок на центъра, контакт зад главата. Прогресия: без подскок (имитация) към реално темпо; после темпо плюс крило (избор).",Олекотяване: по-висок и по-бавен пас за начало. Утежняване: темпо плюс примамка с избор на крило.,3-6,"Топки, Мрежа",5,10,20,/static/drills/setter_tempo_center.svg,,setting,side_out,tempo,setting,setter;middle,zone_3,3,2,14,18,medium,Бърз и нисък пас със синхрон към центъра.,групово
230,Разпределение след защита (преход),Комплексна подготовка,Напреднали,Разпределение,Бърз изход от заден ред към мрежата и пас.,"Цел: свързване на защита и разпределение в преход (контраатака). Подредба: разпределителят е в базова позиция в заден ред (зона 1); защитник вдига топка; нападател в зона 4. Обяснение: при защитена топка разпределителят тръгва веднага към целевата зона при мрежата, спира балансирано и подава; учим четене на защитата и приоритет на стабилен пас пред бързината. Ключови точки: ранен старт при докосване на защитата, лице към мрежата, стабилен пас дори при неточна топка. Чести грешки: късен изход, пас в бягане, обръщане с гръб към играта. Прогресия: от подадена защита към реална защита; после с блок и избор на нападение.",Олекотяване: по-висока и централна защитена топка. Утежняване: разпределение и при лоша топка извън система.,4-8,"Топки, Мрежа",6,12,20,/static/drills/setter_transition.svg,,setting;defense,transition,transition,setting,setter,zone_1;zone_3,3,3,14,18,high,Бърз изход от заден ред към мрежата и пас.,групово
231,Разпределение на втора топка под мрежата,Комплексна подготовка,Напреднали,Разпределение,Правилно решение при близка до мрежата топка.,"Цел: вземане на решение при тясна (близка до мрежата) топка: пас встрани или игра на втора топка. Подредба: топка идва близо до лентата; разпределител под мрежата; нападател в зона 2. Обяснение: играчът преценява дали топката е играема за пас встрани (далеч от мрежата) или да я насочи сам през мрежата (втора топка/изпускане); ключът е ранно четене и да не блъска топката в мрежата. Ключови точки: ранно изчитане на топката, тяло успоредно на мрежата, чист избор без колебание. Чести грешки: късно решение, изхвърляне на топка в мрежата, високо рисков пас към претрупана зона. Прогресия: обявен избор предварително към свободен избор; после с блок отсреща.",Олекотяване: по-далеч от мрежата топка за по-лесен пас. Утежняване: защитник/блок отсреща за реално решение.,3-8,"Топки, Мрежа",5,10,18,/static/drills/setter_tight_ball.svg,,setting,side_out,decision_making,setting,setter,zone_2;zone_3,3,3,15,18,medium,Правилно решение при близка до мрежата топка.,групово
232,Нападение: кариера на нападение (подход),Техническа подготовка,Начинаещ,Нападение,Стабилен ритъм на подхода и баланс при скока.,"Цел: усвояване на кариерата (подхода) за нападение без и с топка. Подредба: играч зад линията на нападение; маркери за последните две стъпки; нападение към мрежата. Обяснение: акцент върху последните две бързи стъпки (за десняк: ляво-дясно), широка предпоследна крачка, мощно замахване на двете ръце нагоре и баланс при приземяване на две стъпала. Ключови точки: ускоряващи се последни стъпки, замах на двете ръце, висок лакът, приземяване в равновесие. Чести грешки: бягане с равни стъпки, скок без замах, изнасяне напред към мрежата, приземяване на един крак. Прогресия: само подход без топка към подход и удар по подадена топка; после след реален пас.","Олекотяване: по-бавно, на части, без топка. Утежняване: подход след защита и пас с темпо.",1-12,"Топки, Маркери, Мрежа",5,8,15,/static/drills/attack_approach.svg,,attack,attack,,attack,outside,zone_4,1,1,11,15,medium,Стабилен ритъм на подхода и баланс при скока.,индивидуално
233,Нападение по диагонал от зона 4,Техническа подготовка,Средно напреднали,Нападение,Точен и силен диагонален удар от зона 4.,"Цел: усвояване на диагонален удар (най-сигурната посока) от ляво крило. Подредба: нападател в зона 4, разпределител в зона 2-3, единичен блок отсреща; подаване от треньора. Обяснение: подход с рамо към топката, контакт с пълна длан над и пред челото, китка върху топката за посока по диагонала покрай блока в дълбоката зона. Ключови точки: висок контакт пред тялото, китка над топката, удар покрай ръцете на блока, поглед в целта. Чести грешки: удар изпод топката, изнасяне в мрежата, удар право в блока, нисък лакът. Прогресия: по подадена топка без блок към с блок; после след реален пас и в игра.",Олекотяване: без блок и по-висок пас. Утежняване: двоен блок и зададена дълбочина на удара.,3-8,"Топки, Мрежа",6,12,20,/static/drills/attack_cross_z4.svg,,attack,attack,,attack,outside,zone_4,2,2,13,18,high,Точен и силен диагонален удар от зона 4.,групово
234,Нападение по линия от зона 4,Техническа подготовка,Напреднали,Нападение,Контролиран удар по линията покрай блока.,"Цел: усвояване на удар по правата линия като алтернатива на диагонала. Подредба: нападател в зона 4, блок отсреща изнесен към диагонала; подаване от треньора и пас. Обяснение: рамото и китката насочват топката в тясната зона по линията; ударът изисква по-точен контакт и често се ползва, когато блокът затваря диагонала. Ключови точки: контакт малко по-отстрани на топката, китка водеща навън, поглед към линията, скок до мрежата. Чести грешки: изнасяне извън страничната линия, удар в аут, обръщане на тялото към диагонала. Прогресия: по конус/цел без блок към срещу блок, който дава линията; после свободен избор линия/диагонал.","Олекотяване: по-широка целева зона. Утежняване: блок, който редува затваряне на линия и диагонал.",3-8,"Топки, Мрежа, Маркери",6,12,20,/static/drills/attack_line_z4.svg,,attack,attack,,attack,outside,zone_4,3,2,14,18,high,Контролиран удар по линията покрай блока.,групово
235,Нападение от зона 2 (десен край),Техническа подготовка,Средно напреднали,Нападение,Стабилен удар от десния край на мрежата.,"Цел: усвояване на нападение от зона 2, често след пас с гръб на разпределителя. Подредба: нападател в зона 2, разпределител в зона 3 пасва назад; подаване от треньора. Обяснение: подходът идва малко отстрани, за да не се блъсне в антената; контактът е пред дясното рамо с китка за диагонал към отсрещната дълбока зона. Ключови точки: подход извън антената навътре, висок контакт, китка за диагонал, баланс при приземяване. Чести грешки: подход право към антената, контакт зад тялото, изнасяне в мрежата. Прогресия: по подадена топка към след пас с гръб; после в игрова комбинация.",Олекотяване: по-висок пас по-навътре от антената. Утежняване: с блок и избор линия/диагонал.,3-8,"Топки, Мрежа",6,12,20,/static/drills/attack_z2.svg,,attack,attack,,attack,opposite,zone_2,2,2,14,18,high,Стабилен удар от десния край на мрежата.,групово
236,Нападение: удар или изпускане (избор),Комплексна подготовка,Напреднали,Нападение,Правилен избор удар/изпускане според блока.,"Цел: развиване на решение между силен удар и изпускане (тип) според блока и защитата. Подредба: нападател в зона 4, блок отсреща, свободни зони зад блока; пас от разпределителя. Обяснение: нападателят чете блока във въздуха: при добър блок изпуска топка в свободното пространство зад него, при слаб блок удря силно; еднаква подготовка за двата варианта, за да заблуди защитата. Ключови точки: еднакъв подход и замах, късно решение във въздуха, мека точна ръка при изпускане. Чести грешки: ранно издаване на изпускането, слабо изпускане в мрежата, удар винаги в блока. Прогресия: обявен избор предварително към свободно четене; после в игра 6 на 6.","Олекотяване: по-висок пас и без защита зад блока. Утежняване: активна защита, която покрива изпускането.",4-10,"Топки, Мрежа",6,12,20,/static/drills/attack_tip_choice.svg,,attack,attack,decision_making,attack,outside,zone_4,3,3,15,18,high,Правилен избор удар/изпускане според блока.,групово
237,Нападение след защита (контраатака),Комплексна подготовка,Напреднали,Нападение,Свързване защита-разпределение-контраудар.,"Цел: тренира цялата верига на контраатаката (KA2): защита, пас, нападение. Подредба: треньор напада силно към защитник в зона 6; разпределител в преход; нападател в зона 4. Обяснение: защитникът вдига контролирано към целта при мрежата, разпределителят излиза и подава, нападателят завършва; акцент върху бързината на прехода и приоритетните комбинации. Ключови точки: висока контрол-защита към целта, бърз изход на паса, активен подход на нападателя. Чести грешки: защита право в мрежата, бавен преход, нападател, който не подготвя подхода. Прогресия: от подаден удар към реален; после в игра със стартова контраатака.",Олекотяване: по-лек удар и по-висока защита. Утежняване: реален блок и втора вълна на нападение.,4-12,"Топки, Мрежа",7,15,25,/static/drills/attack_counter_ka2.svg,,attack;defense,transition,transition,attack,outside;libero,zone_4;zone_6,3,3,15,18,high,Свързване защита-разпределение-контраудар.,групово
238,Защитна стойка и придвижване,Техническа подготовка,Начинаещ,Защита,Стабилна ниска стойка и бързо придвижване.,"Цел: изграждане на базова защитна стойка и придвижване без топка. Подредба: защитник в зона 6; ориентири встрани за придвижване наляво и надясно. Обяснение: тежестта е върху предната част на стъпалата, коленете свити, раменете пред коленете, ръцете готови пред тялото; придвижване с приплъзване без кръстосване и спиране в стабилна стойка преди контакт. Ключови точки: ниско положение, тежест напред, ръце извън тялото, спиране преди да играе топката. Чести грешки: изправен гръб, тежест на пети, кръстосване на крака, движение по време на удара. Прогресия: без топка към подавани топки встрани; после реакция на удар.",Олекотяване: по-кратки разстояния и по-бавно. Утежняване: реакция по зрителен сигнал и веднага защита.,1-12,Маркери,4,6,12,/static/drills/defense_stance.svg,,defense,defense,,defense,libero,zone_5;zone_6;zone_1,1,1,10,14,medium,Стабилна ниска стойка и бързо придвижване.,индивидуално
239,Защита на силен удар от зона 6,Техническа подготовка,Средно напреднали,Защита,Контролирано вдигане на силен удар към целта.,"Цел: усвояване на защита (диг) на силно атакувана топка в централната зона. Подредба: треньор напада от платформа/стол при мрежата към защитник в зона 6; цел при мрежата. Обяснение: защитникът е в ниска стабилна стойка преди удара, посреща с маншет с леко амортизиране, насочва високо и контролирано към целевата зона; играе с платформата, не замахва. Ключови точки: стоп преди удара, платформа към целта, мек контакт, висока контролирана топка. Чести грешки: замах с ръце към топката, изправяне в момента на удара, ниска и бърза топка напред. Прогресия: от по-лек удар към по-силен; после удар с непредвидима посока.",Олекотяване: по-лек и по-висок удар. Утежняване: редуване силен удар и изпускане.,2-8,"Топки, Мрежа, Платформа",6,10,20,/static/drills/defense_dig_z6.svg,,defense,defense,,defense,libero,zone_6,2,2,13,18,high,Контролирано вдигане на силен удар към целта.,групово
240,Защита в зона 5 и изнасяне към разпределителя,Техническа подготовка,Средно напреднали,Защита,Точно изнасяне на защитата към целта.,"Цел: защита от ляв заден ъгъл с прецизно изнасяне към зоната на разпределителя. Подредба: удар от зона 2 на съперника към зона 5; защитник в ъгъла; цел между зони 2 и 3. Обяснение: защитникът отваря платформата към целта (а не право напред), поема под ъгъл и насочва високо към мрежата, така че разпределителят да изиграе лесно следващата топка. Ключови точки: ориентиране на платформата към целта, ниска стойка, висока контролирана топка към мрежата. Чести грешки: изнасяне право напред извън игрището, бутане към антената, ниска топка. Прогресия: от подаване към удар; после с реален разпределител, който играе топката.",Олекотяване: по-висок и централен удар. Утежняване: удар с избор линия/диагонал.,2-8,"Топки, Мрежа",6,10,18,/static/drills/defense_z5_to_setter.svg,,defense,defense,transition,defense,libero,zone_5,2,2,13,18,high,Точно изнасяне на защитата към целта.,групово
241,Падане и търкаляне (безопасна техника),Техническа подготовка,Средно напреднали,Защита,Безопасно достигане на ниски и далечни топки.,"Цел: усвояване на безопасни падания и претъркулвания за защита на трудни топки. Подредба: защитник в центъра; треньор хвърля ниски топки встрани на достижимо разстояние. Обяснение: играчът пристъпва ниско към топката, поема я и контролирано се приземява на бедро/гръб с претъркулване, без да удря коляно или лакът; първо се учи техниката на пода, после с топка. Ключови точки: ниско поемане под топката, меко приземяване по голяма повърхност, защита на главата. Чести грешки: приземяване на колене/длани, падане по корем без претъркулване, късно тръгване. Прогресия: имитация без топка на постелка към топки на достижимо разстояние; после по-далечни топки.",Олекотяване: по-близки топки и постелки. Утежняване: по-далечни топки с реакция по сигнал.,1-10,"Топки, Постелки",5,8,15,/static/drills/defense_rolls.svg,,defense;physical,defense,,defense,libero,zone_5;zone_6;zone_1,2,1,12,18,medium,Безопасно достигане на ниски и далечни топки.,индивидуално
242,Защита на изпускана топка (тип),Комплексна подготовка,Средно напреднали,Защита,Навременна реакция и достигане на късата топка.,"Цел: тренира четене и достигане на изпусната (къса) топка зад блока. Подредба: нападател/треньор изпуска къси топки зад блока; защитник стартира от заден ред. Обяснение: защитникът изчаква в стойка до контакта, чете изпускането и тръгва експлозивно напред, поема ниско с маншет или с длани и изнася към мрежата; готовност без преждевременно тръгване. Ключови точки: търпение до контакта, експлозивно тръгване напред, ниско поемане, изнасяне към целта. Чести грешки: ранно тръгване напред, изправена стойка, закъсняла реакция, топка пада пред играча. Прогресия: обявено изпускане към непредвидимо; после удар или изпускане по избор.",Олекотяване: по-висока и по-бавна изпусната топка. Утежняване: редуване силен удар и изпускане.,2-10,"Топки, Мрежа",6,10,18,/static/drills/defense_tip.svg,,defense,defense,decision_making,defense,libero,zone_6,2,3,13,18,high,Навременна реакция и достигане на късата топка.,групово
243,Защита с трима играчи и преход,Комплексна подготовка,Напреднали,Защита,Координирана защита на трима и бърз преход.,"Цел: координация на трима защитници в заден ред и преход към контраатака. Подредба: трима защитници в зони 5, 6, 1; разпределител в преход; нападател в зона 4; удар от съперника. Обяснение: всеки покрива своя сектор без застъпване, комуникира кой играе топката, изнася към целта и веднага следва преход към нападение; акцент върху отговорности за зони и говорене. Ключови точки: ясни сектори, гласова комуникация, изнасяне към целта, бърз преход след защита. Чести грешки: две играчи към една топка, мълчалива защита, изнасяне извън целта, стоене след защитата. Прогресия: защита без преход към пълна верига защита-пас-нападение; после в игра.",Олекотяване: по-лек и предвидим удар. Утежняване: редуване удар/изпускане и реален блок.,5-12,"Топки, Мрежа",7,15,25,/static/drills/defense_three_transition.svg,,defense,transition,court_coverage,defense,libero,zone_5;zone_6;zone_1,3,3,15,18,high,Координирана защита на трима и бърз преход.,групово
244,Рибари и риби (координация),Игрова подготовка,Начинаещ,Координация,"Ниска стойка, реакция и придвижване чрез игра.","Цел: забавна игрова форма, която развива ниска стойка, бързо придвижване и реакция. Подредба: част от децата (рибари) се хващат за ръце в кръг/редица; останалите (риби) преминават. Обяснение: рибите се промъкват ниско между рибарите, които на таен сигнал свалят ръце; хванатите стават рибари; ниското промъкване изгражда тазобедрена подвижност и ниска стойка, полезни за защита. Ключови точки: ниско тяло, бързи стъпки, реакция на сигнал, забавление и включеност на всички. Чести грешки: изправено бягане, бутане, дълги паузи без движение. Прогресия: по-малко рибари към повече; после с топка в ръка при преминаване.",Олекотяване: по-голямо пространство и по-малко рибари. Утежняване: преминаване с водене/носене на топка.,8-20,Без уред,5,6,12,/static/drills/youth_fishers.svg,,coordination;physical,warmup,,movement,,,1,1,8,12,medium,"Ниска стойка, реакция и придвижване чрез игра.",игра
245,Щафета с топка по линиите,Игрова подготовка,Начинаещ,Координация,Контрол на топка и координация чрез щафета.,"Цел: щафетна игра за контрол на топка, координация и забавна загрявка. Подредба: отбори в колони; маркери в ъглите; обиколка по периметъра на игрището с топка. Обяснение: всеки изпълнява зададено умение по обиколката (водене с длани, носене ниско, тупане), предава на следващия; състезателният елемент поддържа мотивацията при високо темпо. Ключови точки: контрол на топката, ниско тяло в завоите, чисто предаване, бодро темпо. Чести грешки: изпускане на топката, срязване на завоите, предаване преди линията. Прогресия: без състезание към щафета; после с волейболни елементи (пас, маншет) по пътя.",Олекотяване: по-къса обиколка и без надпревара. Утежняване: с пас в стена или партньор по пътя.,6-20,"Топки, Маркери",5,6,12,/static/drills/youth_relay.svg,,coordination,warmup,,movement,,,1,1,8,12,medium,Контрол на топка и координация чрез щафета.,игра
246,Мини 2 на 2 в зоната на нападение,Игрова подготовка,Начинаещ,Игра,Много докосвания и прости решения в игра.,"Цел: малка игра 2 на 2 в зоната на нападение за максимум докосвания и игрово мислене. Подредба: намалено игрище (зона на нападение); две деца от страна; ниска мрежа. Обяснение: играе се на три докосвания, насърчава се пас-пас-прехвърляне; малкият брой играчи дава много докосвания и решения; броим разигравания, не само точки, за да остане играта позитивна. Ключови точки: три докосвания, движение към топката, говорене, опит за изграждане на разиграване. Чести грешки: директно връщане с първо докосване, стоене на място, обвиняване при грешка. Прогресия: разрешено хващане-подаване за най-малките към чисти докосвания; после разширяваме игрището.",Олекотяване: позволено едно хващане за стабилност. Утежняване: цяло игрище и задължителни три докосвания.,4-12,"Топки, Мрежа",6,10,20,/static/drills/youth_2v2.svg,,reception;attack,transition,,pass,,,2,2,9,12,medium,Много докосвания и прости решения в игра.,игра
247,Мини 3 на 3 с разпределител,Игрова подготовка,Начинаещ,Игра,Трите докосвания и роля на разпределителя.,"Цел: игра 3 на 3, в която се въвеждат трите докосвания и ролята на разпределителя. Подредба: намалено игрище; по трима от страна; един определен разпределител на ротация. Обяснение: целта е винаги пас към разпределителя, пас и прехвърляне/удар; всички минават през ролята на разпределител, за да усетят втория контакт; броим успешни разигравания на три докосвания. Ключови точки: пас към разпределителя, изграждане на три докосвания, ротация на ролите, комуникация. Чести грешки: директно прехвърляне, пропускане на разпределителя, един и същи играч прави всичко. Прогресия: с позволено хващане при втория контакт към чист пас; после състезателен формат.",Олекотяване: по-малко игрище и позволено хващане. Утежняване: точки само при завършване с удар.,6-12,"Топки, Мрежа",6,12,20,/static/drills/youth_3v3.svg,,setting;attack,transition,,setting,setter,,2,2,10,13,medium,Трите докосвания и роля на разпределителя.,игра
248,Сервис и посрещане на точки,Игрова подготовка,Начинаещ,Посрещане,Сервис в игрището и посрещане към целта.,"Цел: състезателна форма, в която се точкуват и сервисът, и посрещането. Подредба: сервиращ зад линията; посрещач отсреща; цел за посрещане между зони 2 и 3. Обяснение: сервиращият получава точка за сервис в игрището, посрещачът печели точка за топка, стигнала целта; малкият формат дава много повторения на двата ключови елемента за start на разиграването. Ключови точки: сервис в игрището, ниска стабилна стойка при посрещане, платформа към целта. Чести грешки: сервис в аут/мрежа, късно тръгване при посрещане, изнасяне далеч от целта. Прогресия: сервис от по-близо за най-малките към пълно разстояние; после посрещане 2-ма играчи.",Олекотяване: сервис от 3-6 метра за начинаещи. Утежняване: сервис отгоре и движещ се посрещач.,2-12,"Топки, Мрежа",5,10,18,/static/drills/youth_serve_receive_game.svg,,serve;reception,serve,,reception,libero,zone_5;zone_6,2,1,9,13,medium,Сервис в игрището и посрещане към целта.,игра
249,Цар на игрището,Игрова подготовка,Средно напреднали,Игра,Състезателни разигравания с висока мотивация.,"Цел: ротационна игра, в която печелившите остават в полето на царя, а губещите се сменят. Подредба: две полета; победителите държат страната на царя; чакащи отбори влизат на ротация. Обяснение: играе се кратко разиграване; който спечели точката в полето на царя остава, другият излиза и влиза нов отбор; високият брой кратки разигравания тренира защита, преход и завършване под напрежение. Ключови точки: борба за всяка топка, бърз преход, завършване, спортсменско поведение. Чести грешки: отказване след загуба, бавна смяна, спор за точки. Прогресия: 2 на 2 към 3 на 3; после с конкретни изисквания (три докосвания, удар за точка).",Олекотяване: по-малки полета и 2 на 2. Утежняване: задължителни три докосвания и точка само с удар.,6-18,"Топки, Мрежа",7,12,25,/static/drills/youth_king.svg,,attack;defense,transition,,,,,2,3,11,14,high,Състезателни разигравания с висока мотивация.,игра
250,Блок — придвижване покрай мрежата,Техническа подготовка,Всички нива,Блок,Бързо и балансирано придвижване за блок с приставна и кръстосана стъпка.,"Цел: навременно придвижване покрай мрежата за затворен блок. Подредба: блокиращ в зона 2 до мрежата, ръце пред гърдите; маркери на зони 3 и 4. Обяснение: при кратко разстояние (една зона) се ползва приставна стъпка - водещият крак тръгва пръв, без кръстосване; при по-дълго разстояние - кръстосана (бягаща) стъпка с обръщане на ходилата и финален спиращ ход, който връща тялото успоредно на мрежата преди отскока. Ключови точки: рамене успоредни на мрежата в момента на отскока, последна спираща стъпка, ръце готови пред гърдите. Чести грешки: кръстосване при кратко разстояние, отскок в странично движение, отдалечаване от мрежата. Прогресия: без топка по сигнал -> блок след придвижване над статична топка -> срещу реален разпределител.",Олекотяване: само до съседна зона с приставна стъпка. Утежняване: посоката се подава в последния момент.,6-12,"Мрежа, Конуси",4,10,20,/static/drills/block_footwork_net.svg,,block,block,,block,,zone_2;zone_3;zone_4,2,2,12,16,medium,Бързо и балансирано придвижване за блок с приставна и кръстосана стъпка.,групово
251,Блок — четене на разпределителя,Техническа подготовка,Напреднали,Блок,"Насочване на блока според действията на разпределителя, преди удара.","Цел: блокиращият да тръгва навреме според разпределителя, а не да реагира след удара. Подредба: треньор подава към разпределител в зона 2-3; нападатели в зони 4 и 2; блокиращ срещу мрежата. Обяснение: блокиращият гледа последователно - траектория на посрещането, ръцете и тялото на разпределителя, чак тогава топката; по ранните знаци (позиция на ръцете, посока на рамене) тръгва навреме към съответната зона и затваря блока с проникване над мрежата. Ключови точки: поглед по веригата топка-разпределител-нападател, ранен прочит, навременно затваряне. Чести грешки: гледане само в топката, късно тръгване, отворен блок. Прогресия: разпределителят обявява посоката -> скрита посока -> пълна игрова ситуация с две докосвания.",Олекотяване: разпределителят подава само към една зона. Утежняване: добавяне на бърза (темпо) атака и фалшиви движения.,6-12,"Топки, Мрежа",5,12,22,/static/drills/block_read_setter.svg,,block,block,system_play,block,,zone_2;zone_3;zone_4,3,3,13,18,medium,"Насочване на блока според действията на разпределителя, преди удара.",групово
252,Загрявка — плиометрия за отскок и меко приземяване,Загрявка,Всички нива,Кондиция,Експлозивен отскок и безопасно приземяване (профилактика на коляното).,"Цел: развитие на експлозивен отскок и контролирано (меко) приземяване - важна профилактика на коляното и предната кръстна връзка. Подредба: редица от 4 ниски маркера на около 0,5 м един от друг; играч в началото. Обяснение: последователни отскоци с два крака над маркерите с протягане на ръцете нагоре; всяко приземяване е тихо, на цяло стъпало, с леко свити колене и таз назад (колене над пръстите, не навътре); кратка стабилизация преди следващия отскок. Ключови точки: тихо приземяване, колене над пръстите без хлътване навътре, мек ритъм. Чести грешки: приземяване на пети или на прави крака, хлътване на коленете навътре, бързане. Прогресия: на два крака -> със замах на ръцете -> отскок с кратко задържане 'стоп' при приземяване.","Олекотяване: по-ниски и по-малко маркери, без задържане. Утежняване: завъртане на 90-180 градуса с контрол на приземяването.",6-16,"Конуси, Постелки",5,8,15,/static/drills/warmup_plyo_landing.svg,,conditioning,,,,,,2,1,12,18,medium,Експлозивен отскок и безопасно приземяване (профилактика на коляното).,групово
253,Блок — двоен блок и интервал,Техническа подготовка,Напреднали,Блок,Затворен двоен блок без процеп между ръцете на двамата блокиращи.,"Цел: синхрон и плътен интервал при двоен блок. Подредба: разпределител и централен нападател в отсрещното поле; двама наши блокиращи срещу зона 3. Обяснение: крайният блокиращ определя мястото и тръгва към централния; двамата отскачат заедно, ръцете се поставят близо една до друга (без процеп), дланите проникват над мрежата към топката; приземяване едновременно. Ключови точки: затворен интервал между ръцете, едновременен отскок, проникване над мрежата. Чести грешки: процеп между блокиращите, разминаване в тайминга, въртене на блока. Прогресия: имитация без топка -> над подадена топка -> срещу реален нападател след разпределение.",Олекотяване: блок над статична топка. Утежняване: непредвидима зона на разпределение.,6-12,"Топки, Мрежа",5,12,22,/static/drills/block_double_seam.svg,,block,block,system_play,block,,zone_2;zone_3;zone_4,3,3,13,18,medium,Затворен двоен блок без процеп между ръцете на двамата блокиращи.,групово
254,Блок — позициониране по зони 4-3-2,Техническа подготовка,Всички нива,Блок,"Установяване на блока срещу атакуващата зона (4, 3 или 2).","Цел: правилно изходно място и затваряне на блока спрямо атакуващата зона. Подредба: нападатели в отсрещните зони 4, 3 и 2; един блокиращ, който се установява срещу обявената зона. Обяснение: при атака от зона 4 блокът се поставя срещу нея (нашата зона 2) и обратно; блокиращият се изнася с приставна/кръстосана стъпка, спира успоредно на мрежата и отскача вертикално. Ключови точки: блок отсреща на атакуващата зона, спираща стъпка преди отскока, вертикален отскок. Чести грешки: закъсняло установяване, блок в движение настрани, грешна зона. Прогресия: обявена зона -> случайна зона по сигнал -> срещу реално разпределение.",Олекотяване: само две зони (4 и 2). Утежняване: бързо редуване на зоните.,6-12,"Топки, Мрежа",4,12,20,/static/drills/block_zones_4_3_2.svg,,block,block,system_play,block,,zone_2;zone_3;zone_4,2,2,12,17,medium,"Установяване на блока срещу атакуващата зона (4, 3 или 2).",групово
255,Блок срещу бърза (темпо) атака,Техническа подготовка,Напреднали,Блок,Тайминг на блока срещу бърза атака на централния по ръцете на разпределителя.,"Цел: навременен блок срещу бърза (темпо) атака на централния. Подредба: разпределител и централен нападател в отсрещното поле, бърза ниска топка; наш централен блокиращ срещу зона 3. Обяснение: блокиращият чете ръцете на разпределителя и отскача почти едновременно с него (по ръцете, не след топката); ръцете проникват рязко над мрежата над централната зона. Ключови точки: отскок по ръцете на разпределителя, кратко рязко проникване, поглед в разпределителя. Чести грешки: изчакване на топката (закъснение), нисък блок, гледане в нападателя вместо в разпределителя. Прогресия: разпределителят подава бавно -> нормално темпо -> с избор между бърза и висока топка.",Олекотяване: по-висока (по-бавна) топка. Утежняване: разпределителят избира между централен и краен.,6-12,"Топки, Мрежа",5,12,22,/static/drills/block_quick_tempo.svg,,block,block,system_play,block,,zone_3,3,3,14,18,medium,Тайминг на блока срещу бърза атака на централния по ръцете на разпределителя.,групово
256,Динамична загрявка по дължина,Загрявка,Всички нива,Кондиция,Подготовка на тялото чрез бягови и подвижни упражнения в движение.,"Цел: повишаване на телесната температура и подготовка на ставите чрез движение. Подредба: колони на лицевата линия, маркери до мрежата. Обяснение: всяка дължина е различно упражнение - бягане с високи колене, ритане на петите назад, напади с пристъп, карио ка (кръстосана стъпка), отворени/затворени тазобедрени стави, лек ускоряващ спринт. Ключови точки: контролирано изпълнение, активни ръце, постепенно покачване на темпото. Чести грешки: бързане без амплитуда, статично разтягане в началото, задържане на дъха. Прогресия: 4-6 дължини -> добавяне на смяна на посоката по сигнал.",Олекотяване: по-малко дължини и по-бавно темпо. Утежняване: реакция по сигнал и смяна на посоката.,6-18,Конуси,4,8,12,/static/drills/warmup_dynamic.svg,,conditioning,,,,,,1,1,10,18,medium,Подготовка на тялото чрез бягови и подвижни упражнения в движение.,групово
257,CORE стабилност (без уреди),Загрявка,Всички нива,Кондиция,Изграждане на стабилен център на тялото за по-добър контрол и баланс.,"Цел: стабилен център (core) като основа на отскока, удара и баланса. Подредба: играчите по двойки или в редица с постелки. Обяснение: серия от изометрични задържания - предна дъска, странична дъска (двете страни), лицев тласък, 'мъртво насекомо' и тазов мост; всяко по 20-30 секунди с правилно подравняване (рамо-таз-пета в линия). Ключови точки: неутрален гръб, стегнат корем, равномерно дишане. Чести грешки: хлътване на кръста, вдигнат таз, задържане на дъха. Прогресия: задържане 20 сек -> 30-40 сек -> с добавено леко движение на крайник.",Олекотяване: по-кратки задържания и опора на колене. Утежняване: по-дълги задържания и нестабилна опора.,6-18,Постелки,5,8,15,/static/drills/warmup_core.svg,,conditioning,,,,,,2,1,11,18,medium,Изграждане на стабилен център на тялото за по-добър контрол и баланс.,групово
258,Стабилност на глезена и стъпалото,Загрявка,Всички нива,Кондиция,Профилактика на навяхвания чрез баланс и контрол на долния крайник.,"Цел: укрепване и контрол на глезена и стъпалото (профилактика на навяхвания при приземяване). Подредба: играчите разпръснати с достатъчно място. Обяснение: баланс на един крак (очи отворени, после затворени), повдигане на пръсти, рисуване на 'азбука' с върха на стъпалото, контролирани леки подскоци с меко приземяване на цяло стъпало. Ключови точки: стабилен глезен, поглед напред, меко приземяване. Чести грешки: подгъване навътре на глезена, приземяване на пръсти/пети, загуба на баланс без корекция. Прогресия: баланс на твърда основа -> на мека основа (постелка) -> с лека външна намеса.",Олекотяване: с опора с ръка. Утежняване: затворени очи и мека основа.,6-18,Постелки,3,6,12,/static/drills/warmup_ankle_foot.svg,,conditioning,,,,,,1,1,10,18,low,Профилактика на навяхвания чрез баланс и контрол на долния крайник.,групово
259,Координация и ловкост между конуси,Загрявка,Всички нива,Кондиция,"Бързи стъпки, смяна на посока и ниска стойка за по-добра подвижност.","Цел: подобряване на бързината на стъпките, смяната на посока и ниската стойка. Подредба: конуси в зигзаг по полето. Обяснение: играчът преминава между конусите с бързи къси стъпки в ниска стойка, докосва зоната до всеки конус и сменя посоката; ръцете помагат за баланса, погледът е напред (не в краката). Ключови точки: ниска стойка, бързи къси стъпки, поглед напред. Чести грешки: изправяне на тялото, кръстосване на краката, гледане надолу. Прогресия: спокойно темпо за техника -> на време -> със зрителен/звуков сигнал за посоката.",Олекотяване: по-широко разстояние между конусите и бавно темпо. Утежняване: на време или с допълнителна задача (топка).,6-18,Конуси,5,8,15,/static/drills/warmup_agility.svg,,conditioning,,,,,,2,1,10,18,medium,"Бързи стъпки, смяна на посока и ниска стойка за по-добра подвижност.",групово
260,Гъвкавост и възстановяване,Загрявка,Всички нива,Кондиция,Поддържане на подвижност и възстановяване чрез стречинг след натоварване.,"Цел: поддържане на гъвкавостта и подпомагане на възстановяването след тренировка. Подредба: играчите в редица или кръг с постелки. Обяснение: статичен стреч на основните групи - задни бедра, ханш, прасци, рамене, гръб и гръден кош; всяко положение 20-30 секунди без отскоци, с бавно дишане. Ключови точки: задържане без подскоци, спокойно дишане, лек, не болезнен опън. Чести грешки: рязко 'тупкащо' разтягане, задържане на дъха, прекалено силен опън. Прогресия: 20 сек на група -> 30 сек -> добавяне на дихателни упражнения за успокоение.",Олекотяване: по-кратки задържания. Утежняване: по-голяма амплитуда с контрол.,6-18,Постелки,2,6,12,/static/drills/warmup_flexibility.svg,,conditioning,,,,,,1,1,10,18,low,Поддържане на подвижност и възстановяване чрез стречинг след натоварване.,групово
